0,这把打的好看啊好激烈，而且体现了长城的效果
1,纯扯淡
0,投币的概率是1000%！
0,感恩
0,@森中人 靡道人配音老师在此，大家赶紧去为他喝彩！[打call][打call][打call]
5,好好的猪为什么不做成腊肉
4,感人，这段时间正巧是我人生中的一个低谷时期，也关注影视飓风很久了，其实除了器材评测，我最喜欢这个频道的一部分就是tim早期的vlog，即使到了今年我也经常会翻以前的视频，哎看到这期视频真的泪目，一种久违的感觉，希望自己也可以像这个频道一样无限进步，假如有机会我也想加入来实习甚至入职，希望大家一切顺利！[tv_腼腆]
1,妈的让客人试毒是吧？
0,芜湖～[星星眼]
2,难吃的一批，现在冷藏科技好少吃点这些吧
2,这里观感真的很奇怪，明明释天武才和刹暗天见过一两面，这里搞的跟搭档了很久了一样，还说出“你叫什么狗屎啦”这种铁哥们才能说出的话[笑哭][笑哭][笑哭][笑哭][笑哭][笑哭][笑哭][笑哭][笑哭][笑哭][笑哭][笑哭][笑哭][笑哭][笑哭][笑哭][笑哭]
1,就是这么打发国人的吗，外面就真唱
4,"我真觉得小马云挺好的。很善良,也很可怜。"
0,比亚迪！中国人的骄傲！我的骄傲！
2,怎么感觉标题看过
0,配的完美
2,四川表示 根本不吃
4,很羡慕，可惜我家永远也凑不齐了
5,是谁？天黑还上班？不去[脱单doge]正常人正常公司谁还晚上上班？
0,任何词藻都不足以形容，无需多言，华丽，优雅，绝美[点赞]
0,精彩啊！[大笑]
4,缅怀
0,袁爷爷生日快乐[给心心]
0,这配音是真不错
0,好喜欢up的视频[大哭][大哭][大哭]每个系列都好好看[大哭][大哭][大哭][大哭][大哭]
0,牛啊
0,乐死了[呲牙][呲牙][呲牙][呲牙]
0,笑死
0,太精彩了
0,好想买，过年和家人一起品尝
0,生日快乐姐姐[兔年]
0,比亚迪天下第一！
0,这期好舒服，希望多拍，很解压
2,行业百草枯不是开玩笑的[无语][无语]
4,很多人黑这个小马云，但如果他真的智力有问题的话，我只是可怜他，被他人所摆布
1,这不是神经病吗？想让对方内疚到死吗？这不是爱，这是变态！呸！
0,太精彩了
0,笑死
0,好好好好好
5,卧槽，干尸
0,666
1,死吧！下头城！
4,时代的乐子，长久的悲哀
4,好想哭啊。。当时知道这个消息的时候还在上中学，生物课本上还在介绍他的事迹。。
0,给～～～～我！
5,大晚上739？？？？？害怕，大伙怎么都这么能熬
0,国庆快乐，袁隆平同志
0,byd这集真的太好笑了，
0,太好看啦！
0,太细了 谢谢up[脱单doge]
4,[大哭]
5,不会生蛆或者腐化吗？
0,给up点赞！！！！！爱看这个！！！！！
0,up好用心！酒吧那边太可爱了www
4,看一次哭一次，真的忍受不住，眼泪哗哗的
0,开饭！
4,袁老，想您了[大哭]
5,惊了，还是双人
0,绷不住了呀哈哈哈哈
2,本歌迷真的很失望。。。正好看的是成都的第一场:face_with_tears_of_joy:不过我在看台比较远的位置，当时只顾嗨皮了倒是真的没注意假没假唱，有些音特别不准倒是听出来了
4,悲剧，但在某种程度又是笑话
0,这一期太精彩了，几种战术的互相博弈，到经济运营策略的制定，每一项都环环相扣。美妙至极！[给心心][给心心][给心心]
2,白给都不要
0,虽然看不懂，但还是前来学习[妙啊]
1,直播跟假唱有啥关系，这不是避重就轻吗
2,幽默
0,来辣
5,美国怎么那么多黑人？
4,马芸早些年病的还没有这么严重，还认识自己的儿子，也会去地里干活，现在已经什么也不知道了
0,非常不错 朕给你敬个礼
4,两年多了，趁暑假的最后几天再来缅怀[大哭]愿天国麦浪连天[给心心][给心心][给心心]也为正在为农业奋斗的工作者致敬
0,最燃的一集[星星眼][星星眼]
2,智商有问题才会买
0,这期真的希望大家看完质量真的好高吖 看的都有点感动了[热词系列_两面包夹芝士][热词系列_两面包夹芝士][热词系列_两面包夹芝士]
5,这么快！
4,袁爷爷一路走好
0,真的好想养它:loudly_crying_face::loudly_crying_face:好可爱
0,笑死我了
3,虽然但是我一遇动物和猎奇一结合，我就怕的要死[模糊小黄豆_爆哭]
0,可以。帅的一批
0,精彩
2,这都不叫变态，之前看过一个视频，特码的，熏干人肉，还有人吃，也不是怎么受伤了，就把受伤补位看下来做风干肉，然后天天熏，据说味道很好吃，很香，想想就特么变态[捂脸]
3,起初所有人都以为这只是个视频
0,见证历史
4,爷爷我们想您！
2,买不起
4,语音出来我撑不住了[大哭][大哭][大哭][大哭][大哭][大哭][大哭]
0,每日一看
0,好好好[脱单doge]
0,好久没看到这么让我开心的节目了。币已投。也坚定了我要弄台富康玩一玩的决心。
4,[大哭][大哭][大哭][大哭][大哭][大哭]
2,有这钱好好搞研发不好吗
0,计算机方面的真的是没看过书，入门都入不了，前天在github上面找了一个脚本，有教程的情况下弄了一下午我连运行都不会，还有抓包cookie信息，完全不会[笑哭]
0,哈哈哈哈哈草
1,为什么自助餐不提供免费可乐啊！！！
4,难以评价，该说是幸运还是悲哀。能给他兜个底，某个生，其实也无所谓了。
2,[呆]看不出一点实机
4,可怜
5,啊，阿真！你来真的啊！！！！！
0,我测哈哈哈哈
2,内容太少了，枪械属性只给了个图，不如文字直观。
0,大开大合！强而有力！强而有力啊！[微笑]
0,老婆嘿嘿嘿老婆嘿嘿嘿[脱单doge][星星眼][星星眼][星星眼][星星眼]
0,实在绷不住
2,这头猪真倒霉
2,只有掌声，死得更快
2,我特么要吐了
0,2025还有谁？？？
2,太抽象了
0,好喜欢这个系列[星星眼][星星眼]
4,缅怀
0,他好帅
4,这条片子到后面感觉挺伤感的。
0,好耶 极品飞地平线6上线咯
0,精彩
0,太好笑了[笑哭]
0,这一局打的精彩~~~~
0,666
1,现场都能作假，直播就不能作假了?
0,这个视频做的很好[点赞]
2,单机里最恶心的还得是水狗。只要敢在基地附近打，马上让沙袋工事全废掉，不打的话它还咬你沙袋。联机里就是猴子了，只要远古的必经之路上有几个猴窝就别想好好清远古。单机里洞二猴子区避开就好了。
2,垃圾，求我吃我都不吃。
2,这里观感真的很奇怪，明明释天武才和刹暗天见过一两面，这里搞的跟搭档了很久了一样，还说出“你叫什么狗屎啦”这种铁哥们才能说出的话[笑哭][笑哭][笑哭][笑哭][笑哭][笑哭][笑哭][笑哭][笑哭][笑哭][笑哭][笑哭][笑哭][笑哭][笑哭][笑哭][笑哭]
2,逆天
0,分享一下bgm 把！
2,呃呃
2,弹幕也太能吹了
0,为啥看得我热血沸腾
0,前排！元素力太帅啦，这种以科学的方式讲解元素真是太新颖了，也有利于广大人民群众接触到现实中可见的科学，激发对科学的兴趣，期待up更多的优质作品！[打call][打call]
0,好上头啊，麻烦每集都做一下，我要看[脱单doge][脱单doge]
4,缅怀，吾辈自强
5,怎么这些个公司现在怎么动不动就几百万悬赏？难道是承上启下？[喜极而泣]
2,呵呵
2,中医害人别信
4,我至今还是不能接受袁老的逝世
0,甜甜甜
0,比艺画开天做的好
0,熟成几十年，风味，不敢想象
0,上热门了！好耶！
0,新鲜的晚饭
1,弹幕真的是。。。能不能有礼貌一点
0,哈哈哈哈哈
0,第一次打这么快[给心心]
0,感恩a
0,tmd笑死我了
0,终于更了[灵魂出窍]
4,缅怀[水稻]
0,好活
4,两年了 缅怀袁老[水稻]
2,恶心:nauseated_face:
0,6
0,精彩啊！[大笑]
0,这才叫车评人，老老实实自己想节目，做自己喜欢的东西
4,心疼马家[大哭]
4,希望他不要活在阴影里面
1,只能说：垃圾看垃圾
2,对床的室友每晚都打呼噜，每次吵到我我就用脚磕床直到把他弄醒不打呼噜为止，苦了其他室友了[辣眼睛][辣眼睛][辣眼睛]
5,逆天
2,[吃瓜]没翻车，差评[doge][doge][doge]
1,[微笑]车好不好不知道，能不能把劳务派遣那些狗东西切割一下
0,精彩
4,每每看见一次…都眼含泪水…
3,如果这个ai可以让眼睛眨一眨，嘴巴张开闭上，左右摇头，，那就太可怕了！[捂脸]
0,这种做长内容的新闻采访不多了，祝越来越好
2,假的。现在这种情况多？还是洗房骗彩礼分房子多？
2,emm成分复杂
1,md又在搅屎什么了，这感情戏。幸好这次失忆了，不然晚年小雨想明白了不会又去找天武让他杀自己提升修为吧，嘻嘻。
2,是属于做贼心虚了
0,国货之光必须支持。
0,范小勤算挺善良的
0,绝了
0,好厉害！这个系列真的太棒了，每一个视频都会看出鸡皮疙瘩[打call][打call][打call][打call]
0,太精彩了
1,什么玩意，你是国家公权力吗？还带征集线索找嫌疑人？要是犯法你自己告就是了，拿钱想堵谁的嘴？
0,比原版好看些了
0,萧然！快！[打call]
0,更新！快点更新！
0,好可爱！
4,爷爷走了两年了
2,大厂这点格局[辣眼睛]
2,玩具也好意思
4,现在诋毁污蔑诽谤好像有专门的团伙和产业，随着AI和黑客软件的普及，以及隐私泄漏和网络缺乏理性愈发严重，今后的世道多黑暗恐怕难以想象
0,哈哈
1,本来这舞就好笑，还特么是个公众人物。不接受评价就在家待着自己嗨好了。电影不好看，难道就因为是导演的心血制作我就得说好看？
5,有没有当地人，这东西好吃不，是不是跟火腿差不多啊？
0,笑得相似
4,爷爷，我想你了[大哭]
4,袁爷爷，一路走好[大哭]
1,真他妈依托答辩，这集内容少得我看这个1分多钟速食答辩版都觉得时间长
3,真有歌手干这种事。。。吓得我感觉去听了一下陈粒演唱会的视频，虽然基本一半都混着我的声音，虽然一点没跑，但绝对没有问题，有自由发挥的小尾音什么的
2,:trade_mark:的，这情感戏写的就是不知所谓，不知所谓呀！
0,谢谢up，这下看懂了[给心心]
0,乐
0,雨琪姐姐生日快乐！这里是中国新疆伊犁河！
3,敲门也太假了吧..诶不对..我没开声音啊..
0,遥遥领先
0,萧然yyds
2,不会买
4,好可怜的女生...
0,甜甜甜[打call]
2,狗都不吃
0,这期血战好精彩
5,动用更多能量？可以减肥的意思吗
5,好家伙有来有回
4,回来一哭
5,不懂就问，为什么三体还是8.2分？
4,唉 唱得难听总比假唱好吧 毕竟年纪也大了 这样真的令人很失望
2,这打斗像是打傻子一样，太呆板了！
0,好想要明信片呜呜想要
1,@比亚迪 为啥抹黑你 希望你自己有点数，我买的宋pro，有没有资格喷你？
0,遥遥领先[辣眼睛][doge]
4,还是想哭[水稻][水稻][水稻]
4,泪目
4,我记得之前也看过有篇小马云的报道，里面好像有怀疑他被当时抱走他的老板打了药啥的……后来人气下来了他也被送回来了，但是永远长不高了智力也有问题……很可怜的孩子
1,评论区里又有打拳的，真的服了，你们某些拳虫厌女的话去做海盗或者去贱狱或者去挖煤好吗，干到地老天荒也干不出个女的，天若有情爱哥哥，兄弟友爱携手相濡以沫，没人管好吗，没人在乎的
0,看着挺不错的
0,牛
2,无法接受
0,王杰克真的 我哭死[大哭] 国产top gear[打call]
0,这期真的希望大家看完质量真的好高吖 看的都有点感动了[热词系列_两面包夹芝士][热词系列_两面包夹芝士][热词系列_两面包夹芝士]
0,只和朋友打AI的我竟然看完了，真给我看爽了
0,热乎
5,纳尼，情报是真的？！[大哭][大哭][大哭]
0,哇
0,这把打的真精彩
5,大晚上739？？？？？害怕，大伙怎么都这么能熬
0,你这追星的态度 我喜欢！！！[doge]
2,这集又是讲了个寂寞，算了不看了。
5,这是老板娘吗？怎么让我一种隔壁阿真的直视感？？[doge]
2,新头像没以前好看
0,某网站上还能看到你的哈哈哈哈哈视频
0,这号已经养好了
4,已经这么快两年了吗，感觉您好像在一样。袁隆平爷爷，想念你了
5,国内外来个区别对待吗
0,绝
3,唉，要是我这辈子是走不出来了
0,听到阿信的声音就会感动，不管真假都能感受到五月天的温度，默默彼此守护，永远支持他们！
4,还是怀念
2,草，这评论区和上次云南吃生皮一样恶臭，小学生真多
5,不会中毒？
0,这期真的太精彩了
0,好帅的软体 渲染了多久
2,太吵了 太吵了 太吵了
4,躯体虽逝，毅魄长存。
0,离谱，已经闻到显卡的香气，CG光影很赞，期待实机
0,看萝卜的运营真是一种享受
4,唉，那时我正上着课，听老师传来了噩耗
0,靡道人有点帅
4,本来live就平庸身体也垮了，还高龄连开
0,牛逼！两小时[doge]
5,啊？
1,我寻思打击感怎么就不能看了？打击效果有震动和声音反馈就够了视觉上的震撼效果直接可以丢了是吧？那追求更好的打击和受击的物理动画效果干什么，震着手柄听着声打死模型就行了呗要什么物理反馈？
0,笑死人了
2,吃shi都比这玩意健康
0,眼泪都给我笑出来了哈哈哈哈
0,哇哇哇，惊喜会到我吗
0,大明火器天下无敌[微笑]
0,这道人一说话，我就入戏了
5,哇 许久未见啊 man[脱单doge]
0,迟早得要被三体的二创笑死
2,本来是小圈子亚文化的，搞成这样，大家都没得玩、
0,哈哈哈哈哈哈，笑死了
5,吃了不会肚子疼吗
0,可以啊
0,哈哈
3,女儿没了，一个人住在女儿留下的新公寓里。太痛苦了，怎么想象
0,好人一生平安！好想吃火锅好想吃火锅好想吃火锅啊啊啊
5,卧槽，历史上首次堑壕战。 拿破仑要有萝卜这战术思想还能输？
4,[水稻]人民怀念您
0,爱看，多更！！！
5,我靠！
2,浮尸烂臭肉没人收的尸
0,好喜欢这一期，精神状态十分美丽，爱了爱了
4,作为一个医学生，看到有点心酸
0,被烟头烫笑了，还行
0,加油吧，希望你们能做出来
1,直播假唱和有没有假唱有什么关系吗直播假唱放cd就不是假唱了？？？
4,袁老千古[难过]
0,救命我快笑死了
0,up用的什么软件？效果这么好
5,逆天
2,哪怕作为爽文，都是低级不合格的爽文
0,支持一下up[给心心]
1,直播有啥用，人家锤你以前的音准一首准一首不准，而且三场不同演唱会一首歌一模一样，这些怎么解释？
0,靡道人的配音确实好，还有点像童自荣
2,史
4,人民的好总理，缅怀
4,总理同志一路走好
0,精彩！
0,终于更新了[doge]
1,我这样理解对不对？相当于演唱会是徒手画圆，这个圆肯定是不标准的。cd或者录音就相当于用圆规画圆。谁能徒手话一个标准的圆？
4,一路走好
0,萝卜好猛[星星眼]
0,精彩绝伦！
0,绝
0,哈哈哈哈哈哈哈
2,可笑
0,难绷
0,太狠了up
0,这期真的太精彩了
5,好家伙，森中人这名字太熟悉啦，这不是我的三体里的大史嘛！
0,哈哈
4,没关系，我也不是什么很重要的人
4,已经过去1年了，还是看一次眼泪掉一次，明明素未谋面却泪流满面[大哭][大哭][大哭][大哭]袁爷爷一路走好
0,这个肯定做的很辛苦吧，up还真是有毅力啊
2,这比亚迪最奇葩的，黑这车的和拥护他的，很多居然都是一个人。不用外人黑，车主开久了自己都会骂了，而且骂比亚迪的视频没流量。
0,袁老生日快乐
0,想吃
5,扫黑除恶发布江湖追杀令？
0,精彩
0,热乎
0,新视频终于来了[大哭]
0,最近这几期总让我有种震撼的感动
4,时间，太快了…
4,[tv_大哭]
0,这么好笑吗，我想看了
0,顶级文案
0,哈哈哈哈直接笑出答辩[doge]
0,国庆快乐，袁隆平同志
0,最后罗辑这个笑我直接笑的直拉屎
2,莫名感觉打击感不是特别好
0,这把质量真高啊
0,1:05笑死我了[笑哭]
0,又见董事长夫妇[干杯！嫦娥兔_干杯]
1,怀疑作者真的懂游戏吗？什么是实机，能明白吗？
4,袁老千古【2023.5.22】
4,袁爷爷想你了
1,刷屏的人是脑子有病？
0,妈的 这集真好看啊 隔壁艺画开天的果然是这个视频的二创
0,好帅啊
3,我觉得很恐怖，
1,必须用他来杀鸡儆猴，威慑一下，不然以后谁都可以假唱欺诈消费者了，而且还不用受到处罚[吃瓜]
0,喜欢，好看，爱看。
1,说实话都不让？
0,热乎的
0,和我家憨宝宝一起看女鹅更新！！！
4,看到第五分钟觉得很可笑，怕狗，怕麻烦，还会遵守社会规则交房租，却敢背负一条人命
0,学过一些Unity的C#编程，基本上能看懂UP主的讲解[喜欢]期待UP主接下来的作品～
0,笑死我了
0,来了[doge]
1,真当自个是个个了？有这闲钱提高工人待遇去
4,唉，他们的歌是真好听，可惜了
0,此款游戏一出，所有游戏直接给我坐下!
1,6，都被曝光了还敢假唱？这次没假唱就能代表上次乃至以前没假唱？什么逻辑[思考]
5,啊…这
2,陈年老尸
5,为什么不去找大耳朵？？？
0,牛的
0,享受当下 永恒的真理！
0,姐姐生日快乐！每次看你们的视频都感觉到快乐溢出屏幕啦！真的是我梦中情家了，哈哈哈，期待你们回国呀[tv_色]
0,好喜欢这期
0,好可爱[星星眼][星星眼][星星眼]
0,帅
4,李克强同志永垂不朽
3,害怕
1,黄新虫也是出生一个
5,苍蝇不产卵么
3,妈耶医学生看了笑不出来一点[微笑]汗流浃背了，血压蹭蹭涨，这种事情是真的会发生才是最可怕的
0,好！
0,牛逼牛逼，这局精彩
5,支持特斯拉的那些人怎么现在站出来不支持比亚迪M？[妙啊]
0,靡道人这个boss一阶段的ai好希望做的再聪明一点啊，帅啊这招式，但是被猴哥吊打[妙啊]
0,糜道人真的很有中国特色啊，和西方神话的那种BOSS不同，带有中国志异里典型的寻药求道并且内心阴暗糜烂，诡计多端的反派道士气息，对外国玩家是优秀的文化输出和感染捏[微笑]
4,没简介了呜呜呜[委屈][委屈][委屈]
0,支持一波[打call]很有意思的题材[打call]期待能讲到mod部分，讲一讲游戏是如何与mod进行交互的
0,极速拍档的各位主持，我非常喜欢你们节目的风格。你们应该搞个像TopGear和The Grand Tour类似的国产节目，收视率肯定高。愿你们的节目越办越好！！
0,精彩
2,僵尸猪
0,猫猫好可爱贴贴（）
5,啊，这？
0,笑死我了，这搞笑漫画
2,可惜不更新DLC了 联机版的特色挺少的，玩的久就好失去兴趣
0,66666666666
4,两年了缅怀袁爷爷[保佑][保佑][保佑]
2,绷
0,太牛了！[颜文大赛·小鲨鱼_荡秋千]
5,还真等到了，我的天
0,哈哈哈逆天
0,实地采访挺好的，不是空调记者
0,画的真不错
0,@糯米包小狗 @CHOIKIT20 @啊这小莫 配音配的好好
2,语速为什么变了？？？？？
4,缅怀[水稻][水稻][水稻]
0,细节这么多，优化还这么好 真的厉害
5,捏麻麻的，怎么像若子的声音啊
0,道士的一阶段挺帅的，配音也很牛逼（特别喜欢小居士那句）
0,这个配音真的好，尤其是“交差”，那种语气真的绝。
0,哈哈哈哈哈哈哈哈哈哈哈哈哈哈哈哈哈哈哈哈哈
4,谁都会成为历史，袁隆平也不例外，袁隆平年级大了，一天比一天老去，身体也一天比一天差，不过袁隆平给我们留下了吃不完的粮食就已经很好了，向袁隆平敬礼。
1,圆子，我一直蛮喜欢你的视频的，但是这次，真的很失望，在没有官方回应的情况你抹黑他们！真背刺！
1,睡懒觉招你了？
0,好可爱好可爱好可爱好可爱好可爱！！！
0,终于更新了
0,太可爱啦[東雪蓮_好耶]
2,我会把他丢了
0,强烈要求加强靡道人，
0,牛的牛的
0,最后那几个笑声素材是什么笑死我了
5,很难想象这是2002年的代码
0,你是我在B站8年，唯一一个连续投两次二硬币:coin:的up，不为别的，就为你们的大成本制作[doge]
0,这期真的精彩，有种双方决斗者拼尽全力决斗的感觉了[脱单doge]
0,受不了了快来吧
0,喜欢看极速对比，很纯粹的比拼了没有什么名牌超跑都是我能接触到的车[打call]
1,我tm的真该死啊！一大早点开了这个视频，刀死我了[大哭]
0,全程直播诶，不买票也能看！发福利咯[兔年]
0,这期节目好玩又热血，最后一段比赛太爽了
0,精彩[脱单doge]
4,鞠躬尽瘁 死而后已
0,精彩
4,没关系，我也不是什么很重要的人
0,笑得相似
0,不明觉厉
0,三连了
1,这不傻篮子么
5,这16？
0,这期太精彩了
0,笑死我了，封面这哥们
0,袁老生日快乐！
0,很快啊，我啪一下就点进来了
0,啵啵啵啵啵
4,感慨万千呐[水稻]
0,啊啊啊啊啊姐姐看看我[打call]
0,太屌了
2,呵呵
0,爷青回[喜欢]
0,已成为生活必需品[笑哭]
0,终于来了
1,演唱会都假唱简直离谱，现在的韭菜都已经无脑成这样了吗
4,缅怀袁爷爷[水稻]
0,高产！
0,这降维打击般的嗓音……森中人老师真是太强了[打call]
0,影视飓风的Tim太完美啦，所以此时此刻碎碎念的Tim才是完整的，而我当然更喜欢完整的Tim[保卫萝卜_笔芯]
2,狗都不听五月天
2,说白了就是干尸而已
0,真的很绝，昨天偶然刷到up，今天已经全部补完，每个视频都唰唰掉鸡皮疙瘩，人类的艺术真的很妙
5,蛤?!
1,尊重文化的多样性，尊重物种的多样性，但是人家就是发出来让大家看看有没让你们吃，你们急啥呢？好也罢孬也罢，人家自己家里的东西你们咋这么多发言权？都知道抽烟有害，烟盒上也写了，并且受众也广，为啥不禁烟草呢？
2,笑死人了，说得好像真的会给500万似的
4,时间过的真快，转眼间两年过去了…袁爷爷，一路走好。[爱心]
4,袁爷爷我想你了[大哭][大哭][大哭]
0,哈哈 你把大伙都逗笑了
4,[大哭][大哭][大哭]
4,多数镜头追逐流量，哪管他人命运
4,哎，不知不觉已经这么久了[拥抱][保卫萝卜_哭哭]
4,袁隆平逝世纪念[保佑]
1,妈的让客人试毒是吧？
0,这舞确实挺搞笑哈哈哈
0,热乎的评论来喽[妙啊]
0,牛逼
0,甲方眼前一亮[热词系列_知识增加]
0,真的可以说是最精彩的一期
2,叠味太重
4,两年多过去了，今天是袁老的诞辰，顺着推送刷到这条视频以后，还是鼻子发酸，喉咙发梗，想哭，周围有人又强行忍住。袁老永远在我们心中[爱心][爱心][爱心]
3,以后怎么办[笑哭]
0,精彩
2,这里的小怪也太笨了
2,菜就多练，输不起就别玩
0,每天好心情从这个视频开始，笑死我了哈哈哈哈哈
0,这个罐头笑真的完全绷不住哈哈哈哈哈哈哈
2,虽然挺喜欢JJ但这波操作属实没看懂……以前挺大度的一个人啊，大家开他玩笑什么的也都没怎么在意的，怎么这个舞蹈被恶搞一下反应这么大……
0,没绷住
0,笑死了，这个月第一次笑得这么开心:rolling_on_the_floor_laughing:
2,有其父必有其子，父子都不是好玩意儿
2,呵呵，有这500万不如去给员工涨点工资
0,很好视频，爱来自贵州[保卫萝卜_白眼]
1,别瞎扯淡了，不可能
1,我觉得范小勤现在的火爆已经与马云长相没半点关系了，就是猎奇低俗低智人造成好玩解压看热闹的电子宠物而已
1,我都不明白这有什么可洗的，就假唱对得起那些坚持真唱的歌手吗
4,悼念悼念
0,袁爷爷生日快乐
2,太虚伪了 不说 还在那边说 曾热度:wastebasket:
0,河狸就是水豚，水豚就是河狸[脱单doge]
0,这个配音，太帅了
2,对岛上艺人还是太宽容了，当年五月天跑去支持太阳花就不关注了，这种骨子里看不起大陆的艺人来开演唱会就是为了割韭菜，所谓宠粉情怀起码对内地歌迷可是一丁点没有。不理解的是不管这乐队啥立场，这妥妥的老年乐队了，哪儿来那么多脑残粉
0,啊啊啊啊啊啊求！！姐姐可以寄到韩国吗ㅠㅠㅠㅠㅠ
0,笑死，最蹦不住的一集
0,不会玩的也从头看到尾，精彩。
4,看完挺难受的，也不知道难受在哪里
0,6！！！！
4,呜呜呜想家[大哭]
0,太精彩了
0,好！
5,卧槽，若
5,这玩意不招蛆吗？
2,我信你个鬼
4,这个小孩是悲哀但幸运的 他现在的心智和同龄人相比 差距是很大的 父亲残疾且嗜酒 母亲经常不正常 哥哥对他算不上多好 亲戚忽悠哄骗利用 自己有身体上的问题和精神上的问题 一家人靠着范小勤的流量生活 啃食和压榨他所有的价值 很难想象在以后的几年 十几年 二十几年 小马云流量永远会过时 会被淡忘 到时候一家人的命运何去何从 这个小孩在同龄人中经历了太多 从富贵生活贴身保姆电视台参加节目 到被资本抛弃回到江西不知名农村 很多人靠着小马云流量赚取利益 但是同时很多人也在嘲笑他 更可悲的是 这个孩子也许一辈子的活着在小马云的影子下了 而且因为心智的问题 无法像普通人可以通过学习知识改变自己 他也是幸运的 因为有些人一辈子都不可能跟他一样 上过电视台 至少有很多人关注他 有一部分喜欢他的人 有一部分心疼可怜他的人 他有自我存在的价值 他至少目前可以养活自己一家人 我记得有一个片段让我印象很深刻 一群大概是初高中生 嬉笑着喊着小马云 我感觉到无比的讽刺 好像在嘲笑 在取笑 他现在的状况 跟现在的社会 资本 自己 家庭 这个社会很无情也很现实你有价值疯狂压榨你的价值 利用你 没有价值就会毫不留情的抛弃 跟他自己也有关系 他自己本来很小接触了很多跟金钱利益挂钩的东西 以及没有好好进行系统学习 先天性的智商问题 导致他头脑只有 钱 吃 玩 乐 也许他知道自己被别人利用 但是他没有办法 他自己已经习惯和妥协 这个家庭 首先在农村 父亲残疾 母亲心智有问题 而且文化水平不高 不知道怎么引导教育孩子 而且同样也被金钱利用迷惑 我在他们身上看不到真正父母的样子 他的哥哥是家里唯一一个身体和智商正常的 我之前刷好几个他跟他弟弟的视频 这个小孩子是很聪明的 但是聪明不在正常的点上 他会抢弟弟的东西 骗弟弟的东西 还喜欢小偷小摸  不爱学习 也没有尽到保护弟弟树立榜样的责任 我很喜欢小编的一句话 他是活在流量和现实之中 他以后的人生 我不敢想是怎么样 流量不再 是不是和以前的生活一样 在一个小乡村 一个穿的破破烂烂的小孩 在村门口不停的看着来来往往的人 再喊他小马云 跟他拍照 给他买零食 ……
1,有这钱，给厂里兄弟们加点，不好吗？出来沽名钓誉的
4,唉，今年上了大学，过年老回家和爷爷奶奶聚聚，给他们一个惊喜，结果11月份92岁的奶奶走了。唉:pensive_face:
0,好好好
5,我抄，然
2,真的得好好整治一下网上造谣的了，现在的网络环境乌烟瘴气，造谣就该判刑
4,没有人在乎这张残缺的纸会被画成什么样，他们只在乎这张纸是否可以带给他利益
0,哥们太有实力了
2,太大了，又大又重，带着做事真的不方便
4,这是一个时代悲剧中的一个小小缩影
4,[大哭]
0,王总真的牛逼[笑哭][点赞]
2,搞什么啦。...是你奥加想成全我们才搞这些东西呀。...那为何现在我和小瞳的关系就比之前更糟？？奥加你搞什么狗屎啦。...
4,永远想您[大哭][拥抱][水稻]
0,太秀了
0,就算不会玩帝国时代我也是每次看的津津有味的   更别说星际了哈哈哈哈
0,我觉得有必要关注一下[打call]
2,来整改我舍友[脱单doge]，早上闹钟6点响，别人不醒我不起，晚上呼噜无人挡，急需整改求帮忙[星星眼]
1,他妈的发售都快45岁了，还有精力玩吗？
0,vlog真不错！
4,缅怀袁老[水稻]我想你了袁爷爷[委屈]
4,千古
0,支持五月天
2,剧情也太不知所谓了
0,这风格超级喜欢啊
0,牛批
0,我的电子阳纬有治好的希望了[大哭]
4,可怜这个孩子 又痛恨资本狗
0,至逝不忘杂交稻，心血全献稻米田。爱国为民刻心间，岁老志坚永流传。年少未衰当自强，牢记没忘前辈志。                   一致袁隆平院士词致敬！[打call]
5,吃僵尸？
0,我可太爱糜道人这个设定了[大哭]
4,即使他有智商问题，我感觉他都知道，大声喊那些口号，和别人合影，就是在帮家里赚钱，或许他有一种好像事业上取得成就的开心，而内心里，他也疲惫，渴望一个正常的童年
5,为毛没有AE86啊[大哭]
2,难崩
0,袁老生日快乐
4,袁公千古，您的精神永存
2,急了急了[大笑]
2,什么剧情，肥良到底在搅什么
4,唉，丁真，唉，理塘，唉，雪豹。
0,遥遥领先
5,悬赏五百万打击自己吗？
2,感觉还是在修脚啊 这个战斗姿态问题……
0,日刷，已经第3天了
2,释天武跟黑暗其实完全没有任何可比性，终极狂野之城那段盖章他最爱的是贝莎
5,古有神农今有袁隆！！！！！！[大哭]
0,三连了！快点继续更新吧！[脱单doge]
0,太棒辣
0,人物配音，人物动作节奏，音乐，背景音，拍摄角度一起呈现出了一个活的靡道人，大爱[脱单doge]
0,可爱可爱[水水水豚君表情包_略略略][水水水豚君表情包_略略略][水水水豚君表情包_略略略][水水水豚君表情包_略略略][水水水豚君表情包_略略略][水水水豚君表情包_略略略][水水水豚君表情包_略略略]
4,一年前扼腕痛哭，今天想起来，也害怕蹉跎年华
4,人民好总理，一路走好[大哭]
3,再发展下去，人类距离灭亡就不远了
0,哥们太有实力了
0,绝了
3,好可怕，我要是不永生的话，就见不到月亮没了
0,这把属实过于精彩，让我觉得这么多年的帝国4白打了
4,看了这一期觉得帝国是真的好难玩[大哭]
5,19万行代码都要讲吗？[滑稽]
0,没看懂结尾什么意思[笑哭]
4,小时候看这个完全没感觉，长大了看这个一下子眼泪打转
2,恶心，就吃腐肉呗
1,炒面做错了什么？:angry_face_with_horns:
2,花那么多大洋听演唱会结果跟去ktv差不多，ktv还能自己点歌呢，乐
5,啊？
5,怎么换头像了
0,靡道人的配音真强
4,愿您走好，在另外一个世界平安顺遂。
0,终于更新了啊啊啊[给心心]
2,这真没得洗
5,啊？这么快，我还在用ace2[大哭]
0,超我在QQ空间刷到了期待住了
4,我虽未见过他，但我看见时人会热泪盈眶
0,太精彩了，封建堑壕战~
0,北极圈真的好好看啊去年考研就是看着姐姐视频解压的，现在已经研一啦[给心心]
2,丧尸猪
0,老菊绘画水平真的见长[支持]
0,袁老生日快乐
0,萝卜一个做游戏视频的文案怎么这么好啊
0,太棒辣
1,自己品牌做不好，还不让别人说[吃瓜]笑死人，自己都没底气      你看看奔驰宝马保时捷这些谁管啊
5,啊？这么快
0,看了好多年啦，第一次蹲蹲明信片[星星眼][星星眼][星星眼]
1,我有时候就在想 不管是谁 网友真的就能随便玩梗吗 随便开别人玩笑别人生气了 还要说一句别人小心眼玩不起 网友就有什么好高贵的吗 明星不是人吗 就能随便被人开玩笑随便被人笑话吗 别说什么明星208w用不着我心疼 我只是感觉现在的网络环境 娱乐至死 大批人跟风失去了自己的思考判断能力 之前鸡你太美的烂梗 低俗无趣 cxk不出来说什么就代表他接受这样的烂梗吗 现在的网络环境他敢出来说什么吗 天天喊着内娱没活人 有人出来表达自己的想法 结果被变本加厉的嘲讽 那以后谁还敢表达真实想法 抖音乐子人聚集地 我不下载是正确的 但我不想b站也被这种人占领[无语]
0,四个都是脑子都有坑，去打劫也不先踩点[笑哭][笑哭][笑哭][笑哭][笑哭]
1,在他身边，我看到了当今国人最恶心的一面：就是因为和你们心中的那个爹长得像，就去拍人家，也不管他愿不愿意。还问这问那，还逗他取乐，耍猴呢？！当一群人把一个人当玩物看的时候，这群人既践踏了人性，也失去了人性。
2,恶心，腐肉
0,非常好视频，使我的期末旋转
0,快快快，冲冲冲！
2,对床的室友每晚都打呼噜，每次吵到我我就用脚磕床直到把他弄醒不打呼噜为止，苦了其他室友了[辣眼睛][辣眼睛][辣眼睛]
5,逆天
0,三连支持up！
5,四川有这玩意儿？
2,幽默
0,精彩精彩，我买了一年多就过了个英格兰的剧情[doge]
2,啧啧啧，就唱成这种，还能赚这么多钱，钱还真是好赚
2,女的配的真难听
0,落九川，我喜欢你
1,真TM扯犊子[阴阳师缘结神_爱心发射]
0,太屌了
0,比原片好看
0,想起来17年1月1日在首尔留学，当时在干便利店夜班兼职，第二天下班在二号线拍到这一幕的时候瞬间觉得城市的美让人能忘记疲倦
2,拉拉up，谢出来了[微笑]
0,三连了，第一次，真的，笑死[大笑][大笑][大笑]
1,反而是明星歌手来定规则了？难道不应该是观众，难道粥里有一颗老鼠屎就能吃。加一点原唱剩下录音就能原谅，这就是你们定的规则，你们行业钱也太好赚了
0,太对了
0,哈哈哈哈哈哈
4,挺可怜的，但也算是赶上了好时代
0,很精彩哦！
0,太精彩了！
0,生日快乐！
3,王总冲线那一下都吓炸了
0,6
4,真的挺难过的
3,打仗真是太恐怖了，要不是虚空资源，两个国家打一半的时候都只能吃土了
0,看着竟然有那么一点意思
0,哈哈哈哈笑死了对面说any ideas?总感觉意思是怎么个儿事呢
0,这波天才阿，我愣是没想到还能这么反攻回去
0,好漂亮的材质和美术风格
0,下雪啦
2,我舍友晚上不睡早上不起，打游戏用有声鼠标机械键盘还大喊大叫，经常逃课，要不要来一下[doge]
5,这破舞蹈能花400万？那西安摇不得4000万？
4,袁老千古！人民功臣永垂不朽！
0,好喜欢这种气氛的公司团队！！！
2,不会考虑比亚迪[微笑]
0,[吃瓜]
4,袁老千古
0,全是干货[哦呼][哦呼]
5,这么火 第一次看到。。。1w观看。。。
0,很想知道，这种类型的视频怎么做的[大哭][大哭][大哭]
5,老登你竟然还知道更新
0,[呲牙]
0,配音不错
4,缅怀中华民族的伟人
0,这打的也太有创造性了[哦呼]
1,技术牛逼是牛逼，其他就不能黑了？
4,想我爷爷了
5,真的还能吃吗？还没变质？
1,贼他妈难吃，我是四川人，朋友藏族的，然后去他们家的时候吃了点，什么味道呢，就像是放了N年变质在边干在变质 的月饼 苦 臭 反正特别难吃 我情愿吃泥巴也不在吃了，就是当地迷信，他们说吃了这个可以治疗一些病，反正能不能治病我不知道，吃完胃都在抽搐我只吃了一口哦
1,迪子还好意思说这个我是真没想到，自己做的什么样自己没点数吗？
0,打得是真精彩，也好奇受害者是啥感受[doge][doge]
0,精彩精彩
0,你好
2,没吃过，也不想尝试[蛆音娘_扶额]
4,普通人拼命努力改善自己的生活，却被恶人残忍杀害
4,仿佛就在昨天[大哭][大哭][大哭][大哭][大哭][大哭][大哭][大哭][大哭][大哭][大哭][大哭][大哭][大哭][大哭]
1,吐槽圆你等着收律师函吧，竟然造谣污蔑五月天！ 明明五月天没假唱！你良心坏透了！等着被告到破产吧，我是五月天粉丝，我相信五月天！！！ 你们见不得五月天好！小人！！等着坐牢吧小圆子，我们五月天歌迷一定把你送进牢房！！！王一博粉丝治不了你，张艺兴粉丝治不了你，我们五月天粉丝一定把你送进去，我已经报警了，等着坐牢吧小圆子[脸红][脸红]
0,厉害啊[哦呼][哦呼]
0,画风玩法视角都爱，买了，感谢
0,第八关呢  快呀！
0,这个配音真的强很有感觉
0,中国骄傲:rolling_on_the_floor_laughing::rolling_on_the_floor_laughing::rolling_on_the_floor_laughing:
2,我家有臭奥利给，一般人想吃我还不给拉呢[歪嘴]
5,卧槽，历史上首次堑壕战。 拿破仑要有萝卜这战术思想还能输？
5,"来自大明的城墙上,有枪!"
0,发财了
2,好婆妈的一话，这三人又在搅什么狗屎
0,加油！
2,僵尸
0,支持！[打call]
0,比原版好看
0,作为只看过一点c++的小白，需要阅读那些书籍或者上b站上哪些课程才能跟上你的视频讲解呀[喜极而泣]
0,两只乌龟，相当精彩，能狗能用得都造了
0,幽默
2,欲盖弥彰
5,为什么不会长蛆呢
5,卧槽，这拳法，每一拳都可以打
0,抽我抽我！！该我好运了！！求姐姐让我转转运吧
2,吃出病来[星星眼]
2,如若按这些流言所说是最终画质，那还是有些遗憾，当初五代在主机平台出来的时候人体模型就不是顶尖梯队了，面部细节各方面都没能用上次世代的领先技术，而且这次的预告也没场景破坏的要素，要是后续爆料有场景破坏，然后人体上用上最新技术弥补一下，那就是完美的神作了，神作才有众多拥趸，母公司才能有注意力放在深化内容例如探路虚拟现实玩法再做扩展，六代的社交能强连接现实的社交账号是这创新的社交玩法该到达的爆点。
0,同一段剪辑我在B站不知道看了多少回了，真的百看不厌啊
2,最讨厌的东西，海盗猴子，其他的都无感
0,哈哈哈哈
0,卧槽！这剧情我拉满！
0,森中人确实强，感觉这个声音从小听到大。[思考]
5,啊，晚节不保了吗？
4,总理，一路走好[保佑]
0,新鲜[星星眼]
0,袁爷爷生日快乐[水稻][水稻]无比怀念[大哭]
1,这能不能假一赔十？
3,快跑！！！
0,你有点勇
0,期待，希望作者多多分享，能学习到这种视频也是我这种萌新的幸运
4,走好
4,好快啊，今年都要过了，突然就想念袁老了 [难过]
5,比亚迪油车都搞不明白还搞电车？
2,海盗猴真的太蠢了
2,糟粕。。
5,以前假的唱一笔勾销？
0,[星星眼][星星眼][星星眼][打call][打call][打call][给心心][给心心][给心心]
2,这猪tm送我都不要，太恶心了
0,会心一笑
2,就算这猪没有内脏，肌肉里面的水分和毛孔已经足够腐败了。这个猪的样子和我们养猪场里挂点半拉月的死猪一个德行。爷宁可土里刨蚯蚓吃也不碰这东西
0,笑嘻了
0,弹幕“我直接扔掉”笑死我了哈哈哈哈哈[笑哭]
0,虽然没玩过，但是感觉好刺激[星星眼]
4,袁爷爷，我想您了[大哭][大哭][大哭]
0,真的很喜欢看极速拍档的破烂车挑战赛，出镜的人多，贼欢乐！！！
2,价格太贵了3499起步合适点
0,不得不说看萝卜玩中国文明就是一种享受[打call]
0,哈哈哈，搞笑
0,哈哈哈哈哈哈全是屎笑屎我了
5,然后这点儿屁事儿林就急眼了？？？？？？
4,结尾看泪目了
2,纯纯烂货
2,这两集真的抽象到难以理解，难绷至极
0,遥遥领先[点赞]
2,s级致癌物
4,没人真正在乎他，只是把他当成一个赚钱的工具
3,不要贩卖焦虑…
0,这配音让我不想跳过剧情
4,一年多了，想哭
2,这猪比我还大20岁
0,就喜欢看这种玩意[吃瓜]
2,搞什么啦。...是你申武龙想成全我们才搞这些东西呀。...那为何现在我和白二虎的关系就比之前更糟？？申武龙你搞什么狗屎啦。...
0,这次太精彩了 ，，，难得有人把联通的所有设定全打出来
0,这期好燃，也好长[doge][doge][doge]
4,一周年了去岁兀然闻公逝，雨哀天泣涕涟涟。犹闻访里多愉色，敢忘盘中尽汗涓。昨夜田禾初小满，今朝稼穑已丰年。且安黎庶千秋愿，卧乘稻阴梦会全。
0,小时候看这集激动的把豆腐全打碎了[doge]
0,开头就没绷住
5,哇！原来他比我年龄都大啊！&#34;(º Д º*)
2,这个画质看着眼花。。。
2,这集有毛线意义啊，这不知所谓的感情戏[呆]
1,这些出生
2,表示下不了口………:face_vomiting:
0,海带芽或者海带苗！！！打火锅超级好吃
0,难绷
4,好伤心[大哭][大哭]
0,笑的我把自己呛进医院了、医疗费用1000，还好有医保，大夫问我你怎么把肺呛穿孔的
4,缅怀
0,[捂眼]那个抖动的大辟谷？乳摇系统也做进去了！！！绅士们:high-heeled_shoe:冲啊！！！
5,你说这玩意值广西县城一套房？
0,期待Jason的正片[doge]
5,不害怕么:fearful_face:
4,等你等的好苦[大哭]
0,鱼糕和肉糕都超级好吃！！肉糕是蛋皮上放肉裹起来蒸的，超级超级超级香[打call]
1,这人真的是纯坏种啊
2,我的杠精舍友就是这个样子，每次说个什么都要反驳我，无语死了。
2,就算你放300年也不值60万
2,感觉小怪和道人的一阶段有点呆啊，老是站着发愣
4,为啥这些B事儿就专门挑受尽苦难依然乐观并且好不容易看见点曙光的可怜人啊[大哭][大哭][大哭][大哭]
0,太逆天乐，这战术真卧槽哈哈哈
0,好好好，就爱看这个
1,最讨厌那些吃不了那么多却偏要打那么多饭的人
0,太秀了
1,把海盗猴的诅咒删了吧！
1,啥时候工人工资超过特斯拉再说这种话，还恶意摸黑，你比亚迪也配？
5,昨天还在搜怎么改善，今天帅就出教程了，怎么偷窥我是不？
0,能不能让靡道人多说点，好听[脱单doge]
4,想他了
4,唉，我们还活着其实已经够艰难了。不愁吃喝，天天刷鬼畜，空虚到这种程度还没崩溃真的很努力了[保卫萝卜_哭哭]
4,唉  感觉智力最多幼儿园…甚至还没有很多现在幼儿园小朋友表达和思想那么清晰…感觉最多像是四岁的小朋友  一年级很多小朋友看上去比他成熟很多很多…
5,真就是长城守望？
4,仍然觉得袁老还在，缅怀
2,太几把恶心了:nauseated_face:
0,哈哈
0,笑死了哈哈哈哈哈哈哈哈哈哈哈哈哈哈哈哈哈哈哈哈哈
4,您一辈子太累了 爷爷休息一下吧 晚安:ZZZ:
0,够了哈哈哈哈哈哈哈哈哈哈哈哈哈哈哈，我一个不看内娱的都要笑死了
4,想哭
2,呃呃只狼
0,这集真是金句频出呀[吃瓜]
4,好难过！！我的笔记本是苹果的是不是不能装啊……
5,这个真的能构建 跑起来吗
3,以后怎么办[笑哭]
0,你知道我大晚上的憋笑有多难受吗[脱单doge][笑哭]
0,加油！
4,可怜的女孩
5,！！！
0,好快的作业！[打call]
0,没看过三体动画，但这个二创属实有趣[妙啊]
4,评论怎能没有？怎能忘记？[大哭]
0,狠狠期待住了！
0,太牛了吧
2,感觉他们演唱会太多了吧，反正我表示厌烦
0,蚌埠住了[笑哭]
2,腐肉
0,25年！真好等por一起买吧 说不定捆绑销售[吃瓜]
0,太好看了
5,哇 许久未见啊 man[脱单doge]
0,笑死我了，哈哈哈哈[笑哭][笑哭][笑哭]
0,这声音 绝了 一点都不做作
2,都很菜啊[doge]
2,逆天
1,看这个标题血压已经上去了[生气]
0,兄弟，你牛逼。
5,哇！
0,好活
2,致癌聚集物·
4,不应该是特斯拉吗
0,笑死我了
1,你先把你的产品弄好再说吧[吃瓜]  想想为什么没人维护你[妙啊]  一般产品没问题的话肯定有人出来替你说话的[妙啊]  为啥你这么急呢[大哭][2023]
0,看着不错
0,好活中的好活[惊喜]
2,糟粕
5,古四是要来了吗？？？找小变态宣传[吃瓜]
3,不要贩卖焦虑…
0,up太强了[跪了]
0,难绷
0,绷不住了
2,我会扔到垃圾桶里。
2,贼他妈难吃，我是四川人，朋友藏族的，然后去他们家的时候吃了点，什么味道呢，就像是放了N年变质在边干在变质 的月饼 苦 臭 反正特别难吃 我情愿吃泥巴也不在吃了，就是当地迷信，他们说吃了这个可以治疗一些病，反正能不能治病我不知道，吃完胃都在抽搐我只吃了一口哦
2,比灵笼烂
4,看着是悲伤的基调，可是又有多少人想当小丑却火不了赚不到钱了，尊严很多时候在钱面前什么都不是
0,最牛的是变虫子之后叽里咕噜的声音也是配音演员的声音
0,好解压
4,等第八关了 抢不过炉子 难受
2,哈姆雷特里的那个蜘蛛猩猩 比起正常蜘蛛一是不好打 得打一走一 而且血厚 而且掉落物还不如普通蜘蛛 也很恶心
4,感觉让我独自开发一个GTA，一年时间都未必够
2,僵尸吧。。。
0,看来罪恶都市传奇手机版制作的距离也不难了[doge]
0,精彩精彩，我买了一年多就过了个英格兰的剧情[doge]
0,鱼白好可爱[tv_调皮][tv_调皮]
5,这代码什么时候开源了？
5,居然有这么多人了
4,人民的好总理，缅怀
5,怎么回事啊？ 突然买了这热搜？股票大跌啦 ？
0,生日快乐姐姐，要身体健康，天天开心哦～我已经准备好收到明信片啦[脱单doge]
2,恶心
1,再不吃面  面坨了啊！！！！
0,非常喜欢！就是弹幕中老是有说“难度太低”的很惹人厌…首先，游戏肯定是有难度选择的，自己调整便是其次，游戏好不好玩从来不是难度决定的，像我就是想去看风景，听故事，体验一把冒险乐趣不好吗？低一档的难度反而会吸引留住更多人来体验，而不是进游一出门刷刷被小怪劝退，真的很没意思。喜欢难自己选就好，求求别再把自己“高玩”的一套强加在整个游戏性上了。
0,听了那么多，确实道人的配音最好
0,66666666666
1,一帮垃圾
2,受击反馈迟钝，大招打在黄袍道士身上那段很明显，眼看打上去慢了几帧才飞出去。
4,袁老千古！
3,不知不觉25岁了，现在最看不得这个，从年少轻狂到现在碌碌无为做社畜。好害怕好害怕，害怕对不起父母，没办法尽早尽孝陪伴父母；害怕对不起女友，过不上曾经期待的生活。
0,好酷
0,精彩！
2,目前看起来是仇恨系统有问题，打击反馈也有问题，
0,笑死:grinning_squinting_face:
0,热乎woc[星星眼]
0,俺想来点尝尝
0,太精彩了 这个长度看得很爽
0,好活，当赏
4,他不是不想去学校，而是去了同学也经常笑话他排挤他玩梗，他自己也听不懂，身高也是全班最矮的那一个，也可能会受欺负。害....[拥抱]
2,真恶心 他们的歌列入黑名单
0,精彩！
2,我们宿舍还有两个跟楼上女生每天打电话，还有两个抽烟不收拾烟灰，从来不搞卫生，还巨爱叫，每天还睡的巨晚，从来不戴耳机[无语][无语]
4,只差100来米就能回家了啊……好惨的女孩[线条小狗_难过]
4,就算破音也别搞假唱啊[大哭]自己那么多年的感动好像就一白痴
0,热乎的！
1,不就是木乃伊吗，正常的应该是风干的酱肉或者什么的，这样做的肉他妈的吃的能不致癌才怪
3,谢谢，我大半夜看结果被吓到了，这个视频能看出来是有参考曼德拉记录的。以及这个视频中的日期确实很有意思，蒙古局部地区下三叉戟了属于是(
4,缅怀
0,很好的视频 让我对于游戏运行的方式有了一个新的了解  我个人从事嵌入式开发行业 看见r星是用while(1)来处理消息很惊讶 这两者感觉毫不关联的东西在这里居然有共同之处 37分钟一下就看完了 up说得很好 加油！
2,幽默
3,算了吧，搞不来这种……[脸红]
4,他妈妈真可怜啊
2,抽象
2,不理解不尊重且诋毁
0,6666666
5,阿真你来真哒啊？[doge]
2,来整改我舍友[脱单doge]，早上闹钟6点响，别人不醒我不起，晚上呼噜无人挡，急需整改求帮忙[星星眼]
0,好活
2,。。只能说，希望能好玩，不要再骗哥们了。
0,这种风格的思路很赞哦，演员们驾驭这种风格，没有丝毫的尬场。[支持][支持][支持]
0,加油
4,袁老千古
0,最后这段也太好笑了[傲娇]
5,夺少？
0,这画面绝了，特别是夜景，有亿点期待呢[给心心]
0,np
2,这几个货色就这智商还抢劫。。。。。。。。
2,苟史在说话
0,牛逼哦，普通人根本不敢这么面试
0,你就是做这个的天才
5,声音怎么这么像雷军
2,讲实话。有柏林就不是很想看了 哎
5,动用更多能量？可以减肥的意思吗
0,双马尾可太棒了[星星眼]
0,真的精彩，我要是英格兰输了一晚上都睡不着，同理萝卜输了也想一晚上[脱单doge]
2,落后的种族是这样的
4,今天，看着袁公眼泪忍不住掉了下来，怎么都停不下来，很惭愧没能在您祭日的时候问候一声，今天补上，袁公千古，多么希望我只是做了一场时长两年的梦，现在梦醒了，您还在[大哭]
2,表示下不了口………:face_vomiting:
0,看了姐姐的视频好想去芬兰玩呀~
0,简直了这到底是什么答辩
0,笑的我把自己呛进医院了、医疗费用1000，还好有医保，大夫问我你怎么把肺呛穿孔的
0,技术宅，拯救世界[脱单doge]
0,我可太喜欢这配音了
0,支持
0,喜欢看董事长和免免一起玩游戏，多来点[doge][doge][doge]
1,萝卜里在干什么？快一个月没更新了我缺的营养这块谁给我补？
0,国产单机有望，糜道人配音真的配到感觉上了[支持]
4,是个中国人都会哭
0,好厉害
0,袁老生日快乐[水稻][水稻][水稻]
0,最喜欢的一集
0,非常好的视频，使我警星旋转，需要更多[大笑]
0,来了来了
0,最快的一次[doge]
4,一年了，缅怀
2,游戏几大要素 场景美工 动作 特效 音效   一开始可以说全部及格 但是现在。。 除了场景美工  其余全都不如之前
4,默哀[大哭][大哭][大哭]
0,原来up是技术流 点了点了
5,在国内就假唱，一出国就要真唱了？
2,苍蝇不叮无缝蛋
0,劳动最光荣
0,啊真可爱捏[doge]
2,还60w买僵尸猪，就嗯编
4,@[大哭][大哭][大哭]
4,怎么感觉有点BBC的味儿呢？只不过确实笑梗不笑人，可怜的孩子
4,默哀
0,森中人老师真的太厉害了
1,林俊杰跳舞不咋滴，但应该是真喜欢跳，以前就经常跳齐舞机械舞啥的，虽然你们说这四百万编了个啥，就这？但我觉得这已经算是他舞蹈发挥得最好的一次了。换位思考下，你一直想证明自己，好不容易花了大价钱和很多时间准备，自认为也发挥得不错，还算满意，心想着会全网夸赞呢，结果等来的是被恶搞，搁你也会气不过吧[笑哭] 多半也就气两天，后来想想，不至于不至于，打不过就加入吧[妙啊]
0,[doge]很少见有分析gta源码的up 狠狠地期待了
2,史
5,直接给了个门禁卡?
2,莫名其妙的食物
2,整了一堆花里胡哨的，结果没有一个亮点
1,真没假唱的话为什么装死？直播演唱会是吧？好。找个专业跟焦摄影师一直怼你嘴上拍，我倒要看看你真假，怎么样？
3,不觉得吓人吗，一整头黑:pig_face:倒挂在房顶上
0,精彩
5,10月底的采访为什么现在才发？
4,没想到已经过去了两年，缅怀[水稻]
0,乐了，这集也太搞笑了，刹暗天你真是情感大师啊
0,卧槽，笑死饿了哈哈哈哈哈哈哈
1,感受泰拉人徒手上十字弓的力量吧！真银斩！！！！
4,泪目了
0,感恩
1,怕什么？？有真实力害怕别人的闲言碎语？
1,感情戏真的是一坨四 给我气笑了
0,笑的我想死[tv_鬼脸]
2,这个餐厅简直就是垃圾呀！吹的乌丢丢的菜拉成这。
2,东西不差，但和八星酒店完全配不上。
0,喜欢
2,真恶心，要是被实锤了必须赔钱
5,来真的啊[笑哭]
1,弹幕土狗玩过几款游戏啊，都给你懂完了，玩国外答辩去吧
0,太精彩了，看完浑身冒汗
0,中国汽车是越来越好了，希望工人的待遇也是
4,说句难听话，这样的基因，即便是没有网红介入，最终的生存也是极为困难的。网红经济是他们一家的奇遇，改变他们一家的命运，如果没有这一段奇遇，像这样的基因后续能否还能继续传承下去都未可知。看到网上那些人云亦云的UP，说什么给小马云注射让他长不高，说什么毁了他的人生，这样的人生已经是最底层了，还需要毁吗？
2,这也能起节奏，就那么几句话来回说，能不能多点花样
5,给这坏道人加点炫酷的道法技能啊，怎么全是挥刀和剑气?
0,芜湖～[星星眼]
2,现在吃这玩意，纯zz。
4,缅怀
 5,所以说35年没有开宴席，没有贵人登门拜访？
0,太牛了！[颜文大赛·小鲨鱼_荡秋千]
4,看一遍哭一次
2,真就一般般，还是个25年的饼
5,吃了真的不会窜到死吗
5,震惊！元朝军队命令宋人在大不列颠修建明长城！
2,怂的清新脱俗
0,精彩！
1,如果我有他妈房子老子都给他烧了
0,好甜 像啊真一样[捂眼][捂眼][捂眼]
2,看的我热血沸腾，冷静下来之后发现是两只乌龟在互殴
0,关注姐姐好久啦，超喜欢小包子和汤包可爱的笑脸，也喜欢姐姐爽朗的笑声，祝愿姐姐一家平安喜乐！许愿明信片[给心心]
3,前期的那啥真不敢买啊
2,不怎么样啊 有点lou
0,用现代战争的战术，指挥着封建时代的兵种，打着一战的堑壕战～精彩
2,你先弄懂什么叫潮汐锁定吧
2,欲盖弥彰
4,永垂不朽
2,就是一块发臭的肥皂
2,说实话，路人无音乐基本功，这一听就是假唱了吧，前后差太多了
0,感觉大佬带着读代码思路会清晰不少啊，真不戳 [脱单doge]
0,袁老，我今天也有好好吃饭，没有浪费农民伯伯的粮食，没有让农科人员们心寒
4,永垂不朽 永垂不朽啊[大哭][大哭][大哭]
5,16了？怎么看起来跟刚开始一样小[笑哭]
1,那么大的公司，没能力分辨那些是谎言？那些是抹黑？还要悬赏？你们技术部和法务部这么飞舞？丢不丢人？！
2,我很少买分量大的食材，怕浪费，也会腻，小份适合我
1,睡懒觉招你了？
0,不知道为什么 我最喜欢这期节目 真实感。
0,我好与师傅交差这句配的太顶了
2,这不是僵尸吗—[呆]
0,nb我靠
0,up好强，三连奉上[无悔华夏_点赞]
2,刹暗天和刹亚真不愧是父子俩，一个负责搅狗屎一个负责吃
0,黄黄真可爱。。。[给心心]
5,靠腰，这为什么可以悬赏？
4,凉凉了
2,家里再穷，人不讲道理，人还是脏的。。。[辣眼睛][辣眼睛]
0,开心罐头！！！
0,比原版强
2,呕
4,人民的好总理，缅怀
4,缅怀
0,袁老生日快乐
0,乐
0,这简直太好玩了！
0,看up的视频，总有一种起鸡皮疙瘩和热泪盈眶的感觉
1,这公关太垃圾了，没本事就第一时间承认错误，道歉，妥善处理善后，该退款退款，该咋咋滴啊！装什么有本事的？第一时间不正面回应，歌手主办方装睡，拒绝媒体采访，这些行为不仅反映出灾难级的公关水平，还寒了广大歌迷的心。随着事件发酵，最终不仅歌迷权益受到损害，歌手形象还面临彻底翻车。。。
0,一边看视频一边在淘宝加购。nya姐姐一定是世界另一个我的亲姐姐！每次想买啥都能在买之前看到你的视频更新！
0,捏麻麻地，笑的我肺疼
2,太抽象了
2,缩水了这么多？
2,不过是一个噱头罢了，60万低了，开价1000万而不卖能上世界头条
2,唱的难听也比假唱强，建议以后假唱立法，就和日本佬一样
0,果然还是要多做code review，看完这个视频还是有所收获的催更下一期[脱单doge]
0,袁老生日快乐
0,袁老生日快乐
5,开86也能上树？
2,这满屏的黑人。。。不知道的以为到了非洲
4,[大哭][大哭][大哭]
1,瞎几把扯，还六十万呢，六千都不会有人买
0,一定要成功啊这游戏
2,半真半假，作用没你们想象的大，唬唬业外人还行。[藏狐]
0,极速拍档牛批！
4,c++很难出成绩
0,好活
4,一个人在外打工，真的，每次刷到这些视频都会哭[笑哭]
0,真的好喜欢这个系列
0,上热门了！好耶！
1,家发纯纯出生
0,笑嘻了
1,弹幕太逆天了，一个两个玩过魂游没有
3,随便调取公布用户车辆上的数据，太可怕了，用户还有隐私吗？最高权限不在车主手里吗？万一刹车的时候给你控制下，在给你后台修改数据，啧啧啧。出车祸的时候，后台修改一下数据，都是车主的锅呗
0,这一期好精彩，各种特性都利用起来了，超越极限！
4,要去国外丢人现眼吗
3,这几个人又懒又蠢又没自控力就算了，只有这三条最多成一个躺平啃老的fw。关键是一个个做事不考虑后果，这是最可怕的，这种人啥都干得出
1,“你以为我是谁，把城墙给我修过去！”[doge]
2,你别急
2,好糊啊视频
2,更没兴趣了
0,有质量
4,缅怀袁公。
0,笑得我眼泪都出来了[笑哭]
0,我就喜欢那种口感很柴的肉，有嚼劲
4,好难受，女孩明明可以有很美好的未来[委屈][委屈]田中铁出生
0,2024年一定要谈一场校园恋爱！！！在毕业前想和喜欢的男孩子在操场散步！！！最后无论选择考研还是就业，都希望能顺顺利利，不会后悔
5,所以为什么？在游戏五分钟之后，连接八次大聚会任务。然后抢劫武器店。获得三星后。过50几秒后，跳过看见店员最远距离的那条可视线。然后。在肯德律师事务所。就可以直接接到最后一个任务要亲近朋友？
0,哇视频质量现在好高！
1,和欧美明星敬业程度一个天一个地，都是国内粉丝惯的，没一点原则和认知
2,尊重饮食文化好吗，最烦你们这群另类中国人了不分场合玩梗
5,真的那么好吃吗？
5,惊了
5,没想到优秀的游戏背后是如此枯燥无味且繁琐的东西
0,比原片好看多了，原片像那答辩直接拉我脸上，三体动画建议你来主持。
0,我现在也是一名游戏开发者，非常感谢up的这个视频，希望up能做下去[打call]
4,至今我不敢相信，袁隆平同志逝世
0,好活！[doge]
0,笑死了:rolling_on_the_floor_laughing::rolling_on_the_floor_laughing::rolling_on_the_floor_laughing:
2,女配音都一个味，不端着会s一样。
0,好厉害
1,巴黎演唱会直播和之前场演唱会假唱有姬霸关系？顾左右而言他，你巴黎演唱会真唱就能证明前几天不是假唱？真的幽默
2,僵尸肉
5,天天这几个角色？[哦呼]
2,可笑
0,不行，早晚笑死在这里哈哈哈哈
5,惊了惊了！还是夫妻档！
0,联通牛逼[滑稽]
0,简介可爱，撅了[doge]
5,居然已经过去这么久了……
2,这剧情看得我[辣眼睛]，很难想象当年追连载的读者看到这一段时候内心的感受
0,这个新闻做的好好啊
2,依托答辩，罗辑和史强改的像拖史
4,小孩挺无辜的
0,难绷
2,尸体
0,笑死我了，咳咳咳，哎呦咳得全身疼:persevering_face:
4,哭了，真的
0,好好好，我大明！天下无敌啊！！！
4,缅怀！！
0,nya可爱！
4,把论文写在大地上，缅怀袁老[奋斗]
2,我会扔了它，简直恶心！
4,缅怀
0,@森中人 [打call][打call][打call]
0,笑死我了哈哈
0,感觉道人的动作好帅好流畅，全程都没注意猴儿的动作了
4,每一缕升起的炊烟都是飘自人间的怀念，我们不会忘记您
4,来鞠一躬
1,还共同见证，见证个锤子，北京时间凌晨三点谁陪你见证，第二天周五不上班了？
5,怎么全是些便宜货？这也太亏了
2,有一说一，这么大屏幕还拿来跟14比，蚌埠住了，你配吗[吃瓜]
4,笑不出来啊
2,我舍友晚上不睡早上不起，打游戏用有声鼠标机械键盘还大喊大叫，经常逃课，要不要来一下[doge]
0,挺不错了，不仅会看电视还会还会开发9G
4,不好意思，忘不掉[大哭]
0,语音包太难绷了哈哈哈哈哈
4,[保佑][保佑][保佑]袁隆平爷爷千古
0,前几天就看到有 GTA3 Code Review，现在又有 VC 的了，开心[星星眼]
0,遥遥领先
0,哇塞是突如其来的更新！
2,笑了
0,难绷
0,精彩
4,所以能不打仗就不打仗，非逼不得已不打仗，尤其现在z世代大都独生子女，死了一个，一个家也就散了。看看现在的俄乌，造成了多少的人间惨剧，战争没有赢家[拥抱]
0,这把拉扯好精彩啊
1,弹幕人均高手，尼玛一个小人形怪都这难度了还嫌低？那后面的虎先锋还能不能打？
0,配音太牛了，给大佬跪了
4,最后一分钟，我实在忍不住。我明明自己就是个渣男，但我实在看不得纯爱的这种结局
0,这样从某种意义上说对这个家庭来说是也好的
0,设计师牛逼！！给设计师点赞！！！
2,不建议买这个车，已经买了就别想那么多了，真实情况可能和你想象中的或是宣传的有差距，咱们国家商品销售这块一直都是这个通病，严格来说是靠欺诈手段来搞消费者的，真相往往不会让你知道，瞒天过海，避重就轻，文字游戏，是惯用伎俩。这个牌子的车，就像他的名字一样...没有黑它，我有相当多的他们各系列的拆解图片资料，只能用一句话总结，他们在控制成本这方面做的相当不错，遥遥领先！
0,太帅了[赞了][赞了]
5,惊了
0,哈哈哈哈哈哈哈好活
4,他本不该生下来的
1,如果五月天演唱会的行为都不能界定为假唱的话 那对法律的解释是怎么解释的呢 采用了最有利于被告的方法吗 那审判的公正性还在吗
5,真的很震惊。。。
2,不懂为什么都吵着要看UI，早晚要在游戏界面消失的东西
0,每集都看
3,细思极恐
0,[笑哭]帝国原来玩起来那么热血的吗~！！！！！
1,这建模什么鬼，希恩斯和我想象的完全不一样，就算外国人喜欢留胡子，也不至于看上去一副邋里邋遢的样子啊，还有秘书长的建模什么鬼，动画组要不要把眼珠子扣出来好好看看，原著里形容联合国秘书长不是一位美女吗？这美吗，可能是我的品味跟不上了吧[微笑][微笑][微笑]
0,乐
0,精彩！！！
1,谁说的游戏88块啊，别胡扯乱带节奏啊[藏狐]
4,可怜人
4,可恶花了俺六百多园子抽皮肤[大哭][大哭]每次都是保底
5,有那么夸张吗，技术革命吗？
1,人呢？
2,感觉移动好怪
1,国歌，启动！！！
4,看到这视频想到爸爸了 可惜今年他去世了 唉再也没有机会见面了
0,鱼白，嘿嘿嘿嘿
2,弹幕怪怪的
0,这个配音是真的赞，尤其是那个颤音
1,中国的游戏为什么要用外国的技术？？
4,[大哭][大哭][大哭][大哭][大哭][大哭][大哭][大哭]我想您了
0,这个视频真的是最精彩的一期
5,反编译还能产生这么清晰的代码的吗[笑哭]
2,一坨屎
2,糟粕
0,太燃辣！
5,啊？
0,我在床上顶着要死要活的嗓子痛笑的人要上不来气了
4,缅怀！袁老千古！
4,哭了，我23年本科毕业还没人家07年一个蹲过号子出来的临时工挣得多
0,绷不住了
2,我就问一句，屎和内脏都留着？一起烂？
0,666
0,哈哈 乐
0,什么鬼笑脸滤镜，笑死我了
5,吃了不会肚子疼吗
0,6
0,鱼白 我好稀罕你[打call]
1,打击感打击感我打泥嘛嘴里蹦不出两个词
5,比亚迪需要黑？
4,转眼间过去一年了，我成年了，也被种子科学与工程专业录取了，我和袁老一个专业，可我却再也见不到他了[大哭]
0,好消息，鱼白更新咯
0,袁老，生日快乐❀˳꒰*´ ㉨ `*꒱❀
0,期待三国时期的制作[脱单doge]三连支持了
0,vlog可太难得了[星星眼]
1,OK 逻辑理理清楚，就算你巴黎场全开麦，和别人质疑之前假唱有啥关系？别沉默了，前面的假唱，一俊遮百丑，妙啊！[大笑]
4,致敬[大哭]
2,这集不行
2,一点感觉没有，回家就是闲言碎语，图片上的这些算个屁
2,内容张嘴全靠编
0,这一集可太精彩了。他们可喜欢明朝接下来的朝代，然后进入元朝这明朝始建的城墙之下，驰骋的元军领着宋朝的军饷重铸盛唐的荣光长城像矛一样修向对方阵地
4,每次看到这种视频都绷不住[捂眼][大哭][大哭][大哭][大哭]，但是我突然想到我比你们要自由，我只要养活自己。[doge]不要太自由好吧[傲娇][翻白眼]
0,和荒野大镖客2相比简直是质的飞跃
0,你的视频真的很燃！
5,(ﾟДﾟ≡ﾟдﾟ)!?
2,自己不行还不让人说
0,牛逼牛逼，这局精彩
4,袁老，两年了啊
2,唉，又是播片。
4,[大哭][大哭]低泪点的人看不了
0,省流：我测[笑]
0,多段操作协同 厉害厉害
0,哈哈哈哈哈哈哈哈哈哈哈哈哈哈哈哈
0,糜道人这配音，我看着这么多年电影电视剧动漫， 从没听见过配的这么好的，听着太爽了，前面的平常对话就听起来吐字畅快洒脱，摘星换斗四个字直接像是天神下凡一般神气。倘若世上真有仙人，应当也为此种口音谈吐
0,老祖宗的精华
5,我焯，堑壕战是吧
0,配音太屌了
2,这个打击感还是要再优化一下
2,动作停顿有点多，架刀就没必要搞停顿特效了，显得动作不流畅
1,又是炒作，大伙儿被当凯子钓呢？
2,没实机也就算了，pv质量也就是国产3d中等水平，感觉一般……
5,卧槽，帝国4这么好玩啊
0,扣一佛祖和你一起笑[脱单doge]
2,胡乱拼凑！
4,两年了，5月20日我奶奶也离开了。
5,啊？啊？？？我不过是几个月没刷到了，怎么白给就已经变成老公了？还有孩子了？？？我到底是火星了多久[笑哭]
5,不是，本来不是挺高产的吗？这怎么回事啊？多长时间没更了哇？
0,精彩！
3,要做噩梦了
1,一堆小学生刷你嘛呢
4,[大哭][大哭][大哭][大哭][大哭][大哭]袁老一路走好！
0,非常好视频[打call]up一定要更下去啊
5,我关注的点是成都场有相关执法人员在现场进行录像，还在后台监督，防止假唱，有一整套流程。上海没有吗??就靠着群众举报??
1,又急？
2,这不傻篮子么
4,[委屈]
2,致癌因子超标
0,不行了你这配音哈哈哈哈哈
1,这不此地无银三百两？？？质量做好了会有人维权难吗？隔这儿占用网络资源.不要走量不走质量.好的东西经得起时间去推敲的.不好的东西一传十，十传百的
0,哈哈
2,有bing吧，什么习俗，吃了身体能健康？
0,哇，这个好啊，赞了
1,吃牛魔
0,见证历史！！！
0,好好好，刚学了一段时间c/c++，关注这个系列了。希望up多更[嘟嘟][嘟嘟][嘟嘟]
4,很不幸他们生在互联网时代，又很庆幸他们生在了互联网时代
0,芥末快！
0,最后这段也太好笑了[傲娇]
1,评论区都不知道姚18？cc公关还是猛啊，泼完脏水维权的受害者还被干成加害者
1,打出二战的感觉了，操。
5,惊了，董事长勤政!
2,信息量几乎为零，纯纯的答辩
0,松弛，舒服[脱单doge]
0,UP主加油！看好你噢~
0,好耶！
0,大佬，c++现在前景咋样，身边的同学都在卷Java[大哭][大哭]
0,我测！绝活
0,哈哈，笑死
0,鸽子更新啊啊啊啊
3,六十年代的时候，内部自然灾害频繁，粮食大量减产，外部美苏联合封锁，我们还要还苏联的贷款，那时是真的难。但是我们熬过来了，我们再也不会回到那时候了。
2,假唱都能难听成这样也是绝了
0,人见人爱，花见花开，车见车爆胎的那个胎是吧[脱单doge]
2,这主线是啥？完全没有感觉到
5,最后不整个泥头车？
0,这次tim看起来很放松！！
0,up up 能分享一下源码不？ 我最近在搞仿真相关的东西。 底层逻辑很类似游戏引擎
4,看哭了T﹏T受害人好惨[大哭]
0,这个质感贼牛逼！听黑神话的配音真的是一种享受
5,啊？真写啊？怕了怕了
0,看这期视频心情都变好了，24年我要过得更好更快乐!
0,谢谢，原本今天心情不好的我给整笑了[笑哭]
0,难绷
2,两个人一千多的自助餐，在国内都排不上名次啊[doge]
2,真他妈依托答辩，这集内容少得我看这个1分多钟速食答辩版都觉得时间长
0,太行了这配音
0,好喜欢这一期，跟以往的感觉不太一样，感觉看到了一个真实的tim
0,结尾笑死[嗑瓜子]
0,呜呜我来了，下晚自习到家的高三人，累了一天回到家看到雨琪更新谁懂，我要哭了，2024一定上岸！!!!
2,搞什么啦。...是你若叶睦想成全我们才搞这些东西呀。...那为何现在我和祥子的关系就比之前更糟？？若叶睦你搞什么狗屎啦。...
5,等一下，有懂音乐的知道52秒玛莎拿手做动作的时候背景音乐有变化吗？他这好几秒都没弹，对伴奏不会有影响吗？
4,感觉还是在昨天[大哭][大哭][大哭][大哭]
0,真的很感谢up主做的这些视频，让艺术在普罗大众的眼中真正的展现出了美学的价值，艺术与普通人不再是割裂的，在所谓高雅的艺术不断鄙视着通俗的内容的同时，UP给出了另一个答案，那就是让那高雅的艺术主动下沉到普罗大众中去，用其本就丰富的美感俘获更多人的喜爱
0,姐姐生日快乐！！！！明信片好喜欢想蹲个机会！！！
5,啊？真写啊？怕了怕了
0,老公你终于发视频了！
5,不是五十六个星座吗？
0,小时候半夜看这个笑的邻居全被我吵醒了
2,一加12有了潜望好评，但手机就又厚又重[无语]都够塞进有风扇电池更大的红魔9pro了，vivox100也有潜望但做到了8.9mm...
5,老菊和兔兔竟然联动了！身为多年就职员工我怎么觉得这两个人对话有点老夫老妻的感觉？[doge]
0,虽然没玩过，虽然第一次看但依然很激情，三连了[热词系列_三连]
0,牛批，把答辩剪的这么有食欲[脱单doge]
3,快跑，那不是北极熊！
4,为什么我一看到这条新闻就哭了[大哭]从没这么伤心过
4,有多少人被一句“不可能的&#34;说哭了[大哭][大哭][大哭]
1,11月初刚提车，就被背刺大几千，比亚迪你有钱怎么不给我们被背刺老车主补偿？
1,你又不是喉咙嗓音不行，既然接了这个活那就得真唱，实在不行那你口型也得对得上啊，你隔这假唱被锤还不承认，这不就是当众脱裤子裸奔自称这是皇帝的新衣麽，把粉丝歌迷当猴耍，问问自己良心对得起台下听众吗，算什么歌手，路人黑了md
2,唉，
0,这期确实好看，好精彩
0,UP主加油！看好你噢~
5,真的假的
0,袁老生日快乐
0,讲的方式真棒。讲一段便梳理总结，结尾又结合学到的知识，做了能解决实际需求的应用。感谢大佬讲解，希望能做下去，就想看这个！[鼓掌]（毕竟小时候就在幻想有朝一日能做个自己的GTA）
1,迪子还好意思说这个我是真没想到，自己做的什么样自己没点数吗？
1,衣食父母都不当回事儿，我看你们真是飘了
0,[给心心][给心心][给心心]很好的视频，爱来自江的西边
0,真子真好看，可以单干了
5,昨天还在搜怎么改善，今天帅就出教程了，怎么偷窥我是不？
5,啊？
0,真是太酷啦！[脱单doge][脱单doge]
5,啊？
0,萝卜太牛逼！
2,恶人先告状[脱单doge]
2,试驾过998秦，一言难尽，地盘壳子什么的，跟散架了似的。
1,智商有没有问题不知道，反正家人是纯种出生
2,真的有点输不起的样子……
5,为什么不多弄几头？只弄一头？
0,这个up用自己的方式把那些作品的创作过程拍出来，每次刷到都看的我莫名感动
0,UP主加油！看好你噢~
2,提名毒桦树一票，自己打容易把甲干爆废，摇人来打又打不过，四个猪人打俩桦树结果全死了……怪恶心的
0,这么巧[星星眼]
4,[水稻][水稻][水稻][水稻][水稻][水稻]袁老千古
2,实话实说叫抹黑？这么点钱还“悬赏”[抠鼻]
5,大制作怎么没人
1,台独狗
2,恐怖…
0,为什么这么搞笑[吃瓜]
0,这一段配音真的绝了  我每次刷到都会点进来听一下
0,我测哈哈哈哈
0,大家多提意见，还有一年 好好打磨，很期待
0,来啦[打call]
0,哈哈哈哈哈哈哈哈哈哈
0,牛逼，关注了，等续集
2,陈信宏那破锣嗓子，也有人去听战场，也是服气
4,现在都不敢相信，这种小时候陪我长大的爷爷去世了……
4,李克强同志永垂不朽！
1,你说弹幕有多逆天，正常人觉得怕早退了，非正常人还得特意留下来说句无意冒犯佛祖保佑再走，就你自己觉得自己有没有病，就好比人家出殡棺材放那正常人觉得怕加快脚步恨不得快点走，你非得去打开人家棺木瞧瞧脸，然后留下一句“无意冒犯佛祖保佑”再走，就你自己觉得自己是不是正常人
0,啊啊啊啊啊啊啊啊好可爱啊啊啊啊啊啊
5,哇
2,看着就很臭啊
0,真好！我可以快乐的驼背了
2,官方是不是对实机演示有什么误解，这和实机完全是两码事
0,厉害了a
2,除非请我去现场，不然我是不会信的
2,呵呵天天瞎几把吹这个屑游戏，这个游戏跟gta6比起来就是弟中之弟
1,猴子！猴子！！猴子啊！！！！！
4,沉痛哀悼李克强同志，人民的好总理[大哭]
0,2024顺利考完雅思！！拿到想要的offer [保卫萝卜_哇]和土澳180:plus:阳光男生谈！恋！爱！（bushi
3,如果这个ai可以让眼睛眨一眨，嘴巴张开闭上，左右摇头，，那就太可怕了！[捂脸]
0,这期视频质量很高，狂喜[doge]
2,咦，不敢吃
0,爱看，多更！！！
0,笑死我了
5,这玩意真能吃？
0,笑得我肚子痛了
0,啊这个配音是谁！我好喜欢
2,他家团队到底怎么想的。。。这种下场管二创的行为一看就会惹来逆反啊。。。
4,亲人不规范，行车两行泪[doge]
2,臭皮猪
4,大名小马云，小名范小勤真让人百感交集……
0,精彩！
3,我投降了，AI大人[星星眼]
2,B站现在距离贴吧就差一个建吧的功能，甚至某种程度上更加魔幻
0,精彩，这两枚硬币省不了了[打call][打call][吃瓜][吃瓜]
1,怎么定义恶意抹黑？说实话叫不叫抹黑？
0,这质量不得有三四层楼那么高[妙啊]
5,以前只是为了保存而已，现在居然成了传统
0,投币了！
1,凭什么要尊重他们的饮食习惯？
2,蛇妖配音一下子拉了
5,那个小说这么离谱？
0,太喜欢了[脱单doge]
4,[水稻][水稻][大哭][大哭]爷爷千古
0,不行了看了5遍笑死我了[喜极而泣]
0,笑死我了[喜极而泣][喜极而泣]
4,不知道是不是剧本，但如果是我遇到，我会一辈子走不出去的
4,泪目了
2,看不下去……我要看磁场颠佬哇[傲娇]
4,累了...
4,现在是11月21，怎么还没更新[大哭]
0,这宣传片里最有亮点的是头发，太飘逸了，不知道裙子是不是还是物理裙。[妙啊]
0,虽然没玩过这个游戏，但还是喜欢看[脱单doge]
0,笑得肚子疼[笑哭]嘻嘻，嘻，:-P，:beaming_face_with_smiling_eyes:，哈哈哈哈哈哈哈哈哈哈哈哈哈哈哈哈哈哈哈哈哈
0,笑死我了
0,精彩
4,[大哭][大哭][大哭][大哭]
0,笑死我了
0,生日快乐，袁爷爷[2023]
5,为什么卡啊，我手机问题吗
0,萝卜的三联一定要给啊！！！太优秀了！[给心心]
5,都两年多了啊，生日快乐袁老
5,老登你竟然还知道更新
0,终于更新咯[怪盗基德_献花]
5,舔爷呢？[doge]
0,速度最快的一集[doge]
4,[大哭]他，只是路过了人间但，留下了种子
0,确实厉害，打算入了
2,捐给学校学生去，这个悬赏就是笑话。
0,来了老弟[UPOWER_423895_哦哟]
4,袁爷爷一路走好！
0,这真的是变成搞笑动画了
5,我的天，那是16岁应该有的模样？毕竟再怎么说身高也应该1米6、7了吧
0,哈哈哈哈哈我就说这个视频风格怎么这么熟悉，原来是 占戈土也亻尔女子区up主   哈哈哈哈哈笑不活了
5,不应该被反编译代码啊？  不是都编译成二进制汇编了吗 怎么还能还原回去
4,“你怎么哭了？”“我也不知道，我看到有位爷爷他走了，他带着草帽，弯着个腰……对了，他还朝我笑，问我吃饱了吗……”
4,[墨镜][墨镜][墨镜]不过如此
0,本期燃爆了 很棒
0,爷爷，我想您了
0,太强了 中国所有战术都玩出来了[tv_点赞][tv_点赞]
0,唯一出彩的配音 我太喜欢这迷倒人的配音了
4,唉 真的很难受
0,哈哈哈哈哈
0,良心up呢，三连了
4,为什么你发的视频总能戳到我的泪点……
4,可怜的孩子…无奈[无语]
0,新鲜的[星星眼]
1,有些人把CG，实机PV，实机演示一类最基础的搞清楚再喷行不，无语，一直刷
0,精彩！！！！！！！！！！！！！！！！！
0,“我好与师傅交差”[喜欢]
2,纯纯的陋习
0,抢了4个圣物早点出宝塔更香
0,好好好
0,好热血的战争！！！[脱单doge][脱单doge][脱单doge]
1,家发纯出生，管住第三条腿没怎么多事
0,啊啊啊啊啊啊啊啊啊啊啊太好看了太可爱了我哭up好强
2,猴子，青蛙，这两个我绝对的，最讨厌的！！！！！
0,靡道人好帅，声音又好听，这个角色设计和配音都太绝了，我直呼老婆[大哭]
0,瞧瞧我发现了什么[打call]
1,为什么好多人说压迫感不强，你只狼看门大将压迫感就强的了？
0,小时候乐社了
0,精彩
2,这下又堵嘴咯
0,配音很好
0,这局看的太爽了，精彩！
0,太精彩了
3,龟龟，这才多久，恐怖如斯。
5,真的那么好吃吗？
1,这定价他怎么敢的，够买两台华为了
2,60万去买那玩意儿，买的人脑子有病，不卖的人脑子也有病。
3,不知不觉25岁了，现在最看不得这个，从年少轻狂到现在碌碌无为做社畜。好害怕好害怕，害怕对不起父母，没办法尽早尽孝陪伴父母；害怕对不起女友，过不上曾经期待的生活。
0,羡慕
0,感谢袁老
4,哎，说到父母利用他赚钱....不要说网红了，有些爸妈都不知道儿女是什么样的人，儿女也不知道爸妈，互相知道的只有身份而已。
0,有质量
0,不行了，我新冠刚好，这下笑的咳嗽了一晚上[喜极而泣][喜极而泣][喜极而泣][喜极而泣]
0,哈哈哈哈，摇起来，狂欢:party_popper::party_popper:[打call][打call][打call][打call]
4,袁爷爷，我想您了[大哭]
1,搞什么啦....是你白首男想成全我们才搞这些东西呀....但为何现在我和秋天的关系就比之前更糟？？？白首男，你搞什么狗屎啦！！呱！吔！嘻嘻嘻嘻嘻！
0,最真实的一集
0,点进来前不知道那么搞笑
0,第一百！
0,非常好视频[支持]，另外up有没有对于想学图形学的人推荐的书？
0,这期视频质量很高，狂喜[doge]
0,好看好看
5,？！[哦呼]
0,一万多的粉丝整出百万的活
5,石鸡？
0,溜溜和白给的精神状态可太让人羡慕了
0,看溜溜的状态感觉过得超级幸福！！希望溜溜永远幸福[给心心]
2,奇怪的风俗
0,tmd笑死我了
0,太阴间了笑死我了
3,好可怕
0,太逆天乐，这战术真卧槽哈哈哈
1,区别对待？严查，
0,太好听了吧
2,居然说自己是狗屎，纯度
0,这篇采访有水准，没有过多的个人解读和评价让观众自己判断，记录性足
0,科技改变生活
0,前几天自己玩的时候才发现能跳明反元，今天就看见了这么精彩的一集[给心心]
4,UP主完美的说出了我的立场[大哭]但是还是有点难过，有一点精神信仰崩塌的感觉，做的事和写的词有出入
2,想想都恶心
0,不错不错
1,演唱会假唱属于什么？诈骗还是啥
0,这局真的很不错！！！大部分战术策略都用上了，完美的展现了帝国4天朝的重点！
2,试驾过998秦，一言难尽，地盘壳子什么的，跟散架了似的。
0,这个道士配音最好
0,精彩精彩
5,这个发布时间是否有那么一点恶臭？[脱单doge][脱单doge]
0,多来点vlog吧！喜欢看！[星星眼]
1,什么叫恶意抹黑？不让说话呗？
2,希望以后别有月亮猴:monkey:
1,每次看这种视频都有这种sb弹幕，害怕就赶紧滚别看，又怂又要看
0,爽[OK]
2,奇怪的UI界面
4,答辩龙就会凶小勤，唉，这才是屏幕下真实的一面
1,这种操作对抬升股票市值有积极作用么？这种操作对对手有威慑作用么？这种操作对提升品牌内涵价值有用么？还是单纯为了博眼球赚流量，几天没露头了展示一下存在感。
0,哈哈哈哈哈我就说这个视频风格怎么这么熟悉，原来是 占戈土也亻尔女子区up主   哈哈哈哈哈笑不活了
0,太精彩了，太精彩了！必须三连一下[打call]
0,摘星换斗！野马跳涧！哈哈好喜欢这两句
4,一个审丑的时代。
0,好样的，支持比亚迪[打call]
5,出来了？
0,哈哈哈哈哈笑死了
2,其实有几个画面感觉贼像孤岛惊魂6的画面，好怪[笑哭]
0,你这个系列有点意思，用有趣的方式给我这个艺术文盲科普了一点知识
0,精彩
1,一群人把孩子当摇钱树，赚钱工具，掉钱眼里去了。这孩子真的惨，被资本玩弄于股掌之中。利用孩子赚钱，人性何在？法律何在？道德何在？
4,[大哭][大哭][大哭][大哭][大哭][大哭][大哭][大哭][大哭][大哭][大哭][大哭][大哭]
0,哈哈哈狗狗在后面枕个小枕头，也太乖了[兔年]
4,没有比较的意思只是每次刷到教员和袁老的视频浮想联翩，回过神来，眼眶留下泪痕
0,文案小姐姐穿jk哎，只要穿jk我就去玩！！！！！！！！！！！！
0,好货
4,想您
1,真畜生啊，被捕猎灭绝了没想明白那些人心理活动是怎么回事是，
0,牛皮
4,看完了，最后邪恶终将战胜正义。这是最唏嘘的。
4,每次看这种视频都绷不住
5,这东西能吃？
5,来真的啊[笑哭]
2,哟，资本家开始物色打手啦
0,这不比原版好笑得多，什么叫科幻小品啊！我单方面宣布up这才是三体动画
0,直接三连致敬
0,明朝的兵享受着元朝的增益领着宋朝的军饷创造大唐的盛世，妙啊妙啊
0,这打的也太有创造性了[哦呼]
0,太强了，住在这样一个地方一定是一种很浪漫的体验吧
1,说晕的，你可能是晕3D这就说明你很多游戏都玩不了，看看就行了，别在那bb
0,24年也要拿到奖学金啊啊啊啊！竞赛要拿一个国奖！！鸽子王冲！！！
0,鱼白！！！！
4,其实挺可怜的，我在b站看到范小勤的视频和评论90％都是取笑他的
4,我至今还无法接受袁老走的事实:loudly_crying_face:
0,精彩
0,好看好看[热词系列_标准结局]
4,两年了，您在那边还好吗[大哭]
4,想妈妈了[保卫萝卜_哭哭]
2,我会扔掉谢谢
0,二创比原版好看[吃瓜]
0,最持久的一集！
0,好生草:herb:啊[笑哭][吃瓜]
2,有意思吗  天天炫富
0,太精彩了无论是从技战术角度（龟），还是场外的传承角度（唐宋元明没有清，好耶）都是我看萝卜视频以来的顶尖作品，打出了五常副本《长城守望》的感觉最后还是为历史感到遗憾，大明火器天下无敌，然后大清被八国联军降维打击
2,Bgm声音太大了
5,九川连过武术吧？
4,我只觉得可怜
1,不是，你下次来个真唱和这次有啥关系啊，真的没有假唱，就直接发个公告，说清者自清，然后配合调查，不是很简单的事吗
2,我的评价是急了
1,没开过电车，请问比亚迪到底好在哪？跟特斯拉比有什么优势吗？
0,精彩！
1,那些在评论与弹幕里嘲讽的人，如果你在他们的位置与处境，你能做的更好吗？
0,幽默
5,不会中毒吗？
1,身体有问题可以跟粉丝道歉，退票，放cd让粉丝唱，而不是故意假唱而不告知，这点某些艺人就做得很好，而不像五月天这样捞钱，脸都不要了？
0,笑死我了
0,哈哈哈哈哈，没看到最后的话，是真的不知道有这么好笑[大笑][大笑][大笑]
2,好丑啊
0,过于硬核[doge]
2,低血糖太难受了3天没吃饭了，又陌生人帮一把过度2天吗，待缓过来一定报答今日之恩
0,啊真好美我好爱啊[doge][doge][doge][doge]
0,这一期太精彩啦
5,为啥现在鬼畜都不贴头像了啊？这不了解的还真不知道谁是谁。。。
0,听不懂，但是喜欢看
2,外挂满天飞
0,已经开始期待过几天出新文明萝卜的活了
0,太不容易了也！但是真的很用心！太强了太强了[渐变Sakura_good]
0,虽然不玩游戏，但是不妨碍我理解攻守交换的焦灼，真是太好看辣
2,呕:face_vomiting:
0,比原版好看
5,怎么回事啊？ 突然买了这热搜？股票大跌啦 ？
1,怎么还不更新，气孕了
4,迟到的默哀
5,这几个人没玩过gta吗？抢劫都没有计划的？[doge]
5,为啥我上大学的时候你们没出来？
5,这种猪难道没有卫生问题，吃了不会上吐下泻吗？[笑哭]
2,那句话咋说来着:“为民抱薪者，不可使其立毙于风雪之中”，既然事情已经发生了，还以圈内人的身份来高高评判他怎么怎么不对，那这种事确实蛮悲哀的。
0,比原版强
0,超级喜欢帝国时代！！！其他的感觉看不懂，UP可不可以把帝国时代4的视频搞个类似专辑啊，这样看完一期看下一期
5,啊？
0,想要明信片，啊啊啊啊
0,好活就是有点好[滑稽][滑稽][滑稽]
4,那一天，世界远离了他，他从虹桥飞行穿越了人群，却永远定格在这天，我不知道时光黑白的长度，更不知道春日秋夜里会几度回忆，但是却知道那是最后一面了，人与人的相遇是最好的偶然了，愿你在离太阳最近的地方如朝露般地沉眠……
1,如果社会是弱肉强食的社会，那么小马云应该是生活在最底层的。通过嘲讽底层，获取优越感。那么和禽兽有什么区别呢？
0,好棒
0,袁老生日快乐
1,怎么会有这样的人啊…..这都不是人啊….
0,最精彩的一集
5,车怎么还在
4,哥，你更新吧，我错了，我不该说你更的慢的，哥，你更新了吧，我一定给你三连，就更新一下吧[大哭][大哭][大哭]
0,确实挺不错的
2,猴子真的恶心得离谱[捂脸]，是我仅有的一个在创建世界的时候会直接ban掉的生物，亮茄三花聚顶虽然也恶心但好歹可以防治，而且掉落物叶肉和茄壳也还算不错，猴子是真的纯恶心，又难打掉落物又拉又恶心
4,眼睛尿尿了
0,姐姐姐姐我想要明信片!![保卫萝卜_哭哭][保卫萝卜_哭哭][保卫萝卜_哭哭][保卫萝卜_哇][保卫萝卜_哇]
0,可以，加油。期待这个月的GTA6
5,一层漆居然这么厚的么
0,小时候乐社了
0,666[笑哭]
0,爱看，请多拍！[星星眼]
0,精彩
4,天呐！一个多月没更新[大哭]请务必多多更新
1,真小丑啊，所谓的正白。md快点把这不知所谓的东西轰下啊！
2,这样子搞，显得做贼心虚，也不敢承认错误 垃圾[微笑]
0,我快笑寄了[热词系列_知识增加]
0,"感受到了久违的松弛和空间感, 很喜欢这样的视频, 让人想起tim窝在小寝室里拍的vlog. 时间给了这些回忆不同的感觉, 谢谢tim的陪伴[热词系列_干杯]"
2,我舍友天天拉屎，到处喷！天天打呼噜，天天点外卖！[辣眼睛][辣眼睛][辣眼睛]
0,最后给我笑的呛死了
2,这跟吃大粪有什么区别，给狗狗都不吃。
0,笑疯了
0,厉害啊，膜拜大佬[打call]
1,好事，把抹黑，喷比亚迪的，全部捉进监狱里！
0,好喜欢看刀压着肉的感觉，好舒服啊
0,红红火火恍恍惚惚
2,看这就恶心，点了好几次不感兴趣还一只往我首页推，故意恶心人？
0,完美诠释了纸上谈兵的最高境界
2,风干腐肉[尴尬]
4,今天我把晚饭的吃的一粒米都不剩，爷爷您能回来夸夸我嘛[大哭][大哭][大哭][大哭]
1,质量不行还不让说？
2,干尸肉。
3,我是昨天晚上12点半看的，给我吓坏了，我现在才敢看
0,md，笑死[doge]
0,笑死
0,老森配音真的绝中绝
5,不敢相信
1,中医你不信，西医你不看？你特么看藏医？
0,卧槽热乎的
2,哥，我舍友臭袜子攒一周不洗，不买洗衣液，不买卫生纸，天天嫖别人的，拿别人东西不打招呼，还不知道放回去。
0,看了这么多期视频 我终于在这一期觉得不三连不行了
0,乐翻了[点赞]
0,遥遥领先！
0,这个cv是谁啊，真的配得好好，上次听见这么惊艳的配音还是大圣归来的那个大boss，但我感觉这个听着更舒服，就像那个……那个……入口柔，一线喉的感觉，特别顺耳
5,已经不是物质匮乏的年代了怎么还有这种东西？
0,第一次到前排[打call]
2,国内几百块自助，龙虾螃蟹鲍鱼都能吃饱。国外自助就是个笑话，留评论的都是来自美食荒漠的白人。
4,这些人真的是喜欢他吗？他们只是在嘲笑他，玩他的梗而己，还是那种恶俗烂梗，他的远房亲戚也只是也只是把他当作赚钱工具，一个16岁的少年被一群人（甚至还有自己的同龄人）当作傻子一样拍，请你们换位思考，如果你们被这样被当作猴子一样拍，你们会是什么感受，一个本该被社会关注的孩子，却在最需要被爱的时候被全社会群嘲，当他长大之后，他不能再吸引流量，真的很难想像他的家人会怎么对他，他怎么在社会生存。
0,好棒！！
4,实在是笑不出来[无语]
5,不会生蛆或者腐化吗？
2,最恶心的必然是火药猴，只因它们偷东西的动作是一个猥亵动作，朝你大胯捞一把
4,默哀
4,不知该哭该笑[tv_笑哭]，抽象但又悲哀的一家人
1,这不此地无银三百两？？？质量做好了会有人维权难吗？隔这儿占用网络资源.不要走量不走质量.好的东西经得起时间去推敲的.不好的东西一传十，十传百的
0,厉害
0,有点期待[星星眼][星星眼][星星眼][星星眼]
0,6
0,这个道人的配音是真的厉害
1,搞笑，还十几万？骗鬼呢
5,每场都唱得提心吊胆，生怕被发现假唱，不会每场都当做最后一场吧，结果事情一直没闹大？就离谱[笑哭][笑哭]59场啊卧槽
0,你是大上海的支柱白玫瑰吧?`歌唱得真好!(下次到你敌人面前唱吧!!)[吃瓜][doge]
1,搞不懂评论区对比亚迪的恶意这么大的原因是什么？不是因为有个博主摸黑比亚迪才发的么
2,看着这一段段男女感情的我：算我求你们了，打吧，别再整这不知所谓的感情戏了[笑哭]
3,腐肉中含有大量毒素腐肉具有腐臭气味的化合物——腐胺和尸胺，不仅味道难闻，而且对人体有害！！腐胺和尸胺会降低血压，且尸胺有腐蚀性，食入后会强烈刺激身体。可能会引起食道的炎症、痉挛、水肿或胃炎，严重时甚至导致死亡！！真是又臭又坏啊~￼3. 腐肉中含有大量细菌腐肉会滋生细菌，如金黄色葡萄球菌、肉毒杆菌等有害细菌，都会产生毒素。虽然细菌可有被高温杀死，但有些细菌产生的毒素却不会因为高温而消失！即便将腐肉加热再食用，还是可能导致腹痛腹泻、呕吐，胃肠道黏膜被腐蚀，免疫力下降等情况也有可能发生。
1,活该，
0,值得票价三连，这期视频很精彩，重点人员全齐了，同框了难得啊[微笑]，还有下期还有更精彩的。
0,哈哈哈哈哈哈哈哈哈哈哈哈哈
0,操作拉满
2,这个味道可不只是臭那么简单，怎么说呢就是这个味道你吃进嘴里一年后你还觉得嘴里有那股味[尴尬]看看色就得了千万别尝试毕竟这都是那个年代特有的产物。
4,鼻子还是忍不住酸了
2,看着这一段段男女感情的我：算我求你们了，打吧，别再整这不知所谓的感情戏了[笑哭]
2,给我六十万我都不吃[辣眼睛]

0,哈哈哈哈  这剧情真的不会被扣钱嘛[吃瓜]
0,这配音太强了，赞爆!
0,乐
0,又学到了一幅画
2,离谱，小孩子都找不出来这个借口
0,动作能达到永劫无间那个标准就无敌了。因为是单机游戏所以只要额外加一个闪避可以瞬时打断平a、重击、格挡就能巨幅优化打击手感。还挺期待的
0,这可是森中人，配音能不牛逼吗！
0,还没看，但是我先点赞！！
0,全宇宙最帅美人豹有木有？[脱单doge]
4,[委屈]
0,记得每集出一次，我太喜欢了
0,牛
4,可怜可悲可叹，因果报应，分毫不差。
0,能出一期OpenGL的视频[给心心]
4,我好想您啊，今天路过水稻博物馆，我过了很久才突然想起来，您已经去世了……总觉得您还在，总觉得您一直在
0,至此，已成艺术[保卫萝卜_哇][保卫萝卜_哇][保卫萝卜_哇]
5,哦！片尾没有牙龈怪叫给三连哇！这期可以白嫖看哇？！
2,这集也太婆妈了，这三人在搅什么了啊[热]
4,沉痛哀悼
0,很期待[doge]
0,笑死
0,快要笑死了
0,嘿嘿嘿
4,癌症，如果是晚期的话，还是带着出去好好玩，到处旅游，度过最后的时光，总好过家财散尽，最后的时光消磨在医院里面，而且很多是治疗比自然死亡去的更早
5,瑾了！
0,哈哈哈哈
4,2023年5月22日缅怀袁隆平爷爷
5,这就是QQ飞车的联动宣传片吗？腰子都给我创掉了[doge]
0,热乎的！
0,期待[打call][打call]
2,就这8星自助餐，哪里8星了，自封的吧
0,2025年见！
1,说实话都不让？
4,再看还是泪目
2,吐了
1,都锤死了还在这把粉丝当傻子糊弄 正式声明道个歉这么难？
0,直接投币，说到做到好吧
0,虽然没玩过，虽然第一次看但依然很激情，三连了[热词系列_三连]
0,王炸
0,哈哈哈哈，1v4电脑我就是靠修长城修到底才打得过电脑[笑哭]
0,这个史莱姆真的可以，求求了
0,红棍下砸的打击感还是很不错的
0,我好与师傅交差这句话配的太好了
0,建议最后一段反复观看，死因笑死，走的很安详[大笑][大笑][大笑][大笑]
0,@森中人 你配得真好
0,哈哈哈
4,我面无表情地在下午看到袁老去世的消息，面无表情地划掉屏幕上的消息推送。谁去世了？不管了 肯定是假的。等等，谁？我惊讶，我呆呆地愣在原地不敢相信，我哭不出来。第二天晚上，我本来心情不好摔了一通枕头，刚刚平复，打开手机看到铺天盖地悼念袁老的文字。瞬间，我在夜晚的卧室里哭得死去活来。
2,我会吐:face_vomiting::face_vomiting::face_vomiting:
0,每次up在画完以后bgm响起的那一刻我都会起鸡皮疙瘩，这不仅是艺术，也是历史，这也是我关注up的原因[打call][给心心]
0,这一期太精彩了，几种战术的互相博弈，到经济运营策略的制定，每一项都环环相扣。美妙至极！[给心心][给心心][给心心]
1,更新啊
1,什么时候白过？
4,真的好可惜[大哭]
0,最喜欢的一集[打call]
2,吃一口不得越死里拉
0,啊啊啊想要明信片蹲蹲
0,见证历史
0,笑喷了
4,唉
5,酒店房间呢？
2,这打击感太怪了[笑哭]看了这么多就是感觉打击感哪里不对劲，我是在想如果这种攻击系统能有武侠电影里那些个动作打的有来有回得夺帅，这个感觉棒子身上打一通怪物左右晃两下，太怪了
2,棍子的打击感绵软，应该打在身上稍微有点延迟会感觉很大力，敲起来咚咚咚的感觉
1,你背叛了嘉然，你给我去spa!
0,厉害
5,啊，已经两年了…
4,致敬[大哭]
2,太远了
0,生日快乐:birthday_cake:
0,大明，天下无敌
2,厚厚的一层黄曲霉素，看到都恶心
0,会做鬼畜就多做点，主爱看[脱单doge]
0,这个配音真好听
2,女配音真的不行，刀郎黄眉土地靡道人听音知情，女配音单纯夹，太普通了
0,至此已成艺术
4,袁爷爷，你走了都两年了[星月小黑猫_大哭]
0,求UP把每一集都剪了吧，太搞了[喜极而泣][喜极而泣][喜极而泣][喜极而泣][喜极而泣]这比答辩不知道强了多少倍。
2,无法理解
0,很走心的一期，TIM成就已经超过大部分同龄人，特地回来问一句，TIM这一期有文案没
1,多给你家工人开点工资吧，服务态度堪比亲爹，销售和维修都一个叼样[笑]
0,2w播放量？200w！
1,什么热度都要蹭是吗
2,看见这种公关就讨厌
4,转眼2023了  诶  袁爷爷我们现在过得很好
0,哈哈哈哈因为看了很多何老师的视频，看到前面说画了宴会的不同场景就猜到是韩熙载夜宴图了！！！
0,哈哈哈哈哈哈哈我真的
2,up也有病
2,好阴间的食材
2,我养过猪，见过太多死猪，夏天死7天，在外面暴晒的死猪都见过，也处理过，尽管已经习惯了，不反胃了，但看到或者想起还是恶心。
0,这下喜欢看了
0,精彩，但是乌龟[doge]
1,把五月天抓起来还有他们的脑残粉
0,让我想起来泽拉图说的：“我们的战士，由荣耀和传承联系在一起！”中华民族代代相传而薪火不绝，靠的就是历史的传承绵延不断，就像长城一样[支持]
0,逗乐了[大笑][大笑][大笑]
3,看着揪心[捂脸][捂脸][捂脸]
5,怎么这些个公司现在怎么动不动就几百万悬赏？难道是承上启下？[喜极而泣]
5,阳寿！啊？？？？这啥啊？
0,厉害
1,比亚迪是没有法务部？还是法务部是吃屎的？？？我两个车都是比亚迪的，但是你一直做老好人，容忍畜牲污蔑，太吃亏了。让法务部赶紧干活。
0,大明，天下无敌啊
2,怎么天天给我推这个视频，今天我就看看怎么个事儿
3,外网有个人的妈妈去世了，让ai来当他的妈妈。如果是真的，有一丝可怕。
2,什么腐肉:grinning_squinting_face:
0,哈哈哈哈哈太纯了。
0,这真的是萝卜打的最精彩的一局了。虽然我不玩这游戏，但是看萝卜真的是看的津津有味，太有趣了。这个英格兰真的拉满是我觉得萝卜遇到的所有对手里最强的一个，在两个乌龟左右互搏的情况下能组织强大的反击和快速派出应对的单位，真的6。最后我要说一局，我爱你萝卜，我要和你击:male_sign:剑！
4,时间过得好快啊，袁爷爷，真的想你了……再去看看你心心念念的稻田吧，两米高的巨型水稻成熟了……禾下乘凉，快要不是梦了[水稻]
0,好看 爱看 剪长一点
0,袁老生日快乐
0,感谢您至今的努力
4,两年了 缅怀袁老[水稻][水稻]
1,最后对面说的啥？没找到comp，不然能推？
4,一个人在外打工，真的，每次刷到这些视频都会哭[笑哭]
4,我流泪并不是故事多可惜，而是她真的很像她…
0,十年磨一剑
4,缅怀
3,不知道这种情况怎么才能逃脱，随身带刀行吗
5,？？？
2,主角猴目前是哑巴，配音都没有，希望上线后能有配音，互动也希望可以相互对话，单一个人说话有点无聊[doge]
2,有没有一种可能，苍蝇不叮无缝的蛋
5,山泥若怎么这么多流量
2,60块一斤我都嫌贵
2,还是别看衰仔天武了看看磁场癫佬们打架吧[妙啊]
0,你这个比剪辑笑死我了
5,我去，这方法腌人不就是木乃伊了吗[笑哭][笑哭]
0,我非常喜欢
0,好！
5,香蕉猫怎么按一下喇叭就破防啊[吃瓜]
4,好久没有这么沉重的看视频了，反正我是笑不出来
2,反正不管什么方式搞出来的这种肉我都觉得没新鲜的好吃
5,谷物发霉不会有黄曲霉素这种剧毒物质吗？看他们吃得没事儿应该是没有吧，怎么做到的？肉的熟成我还能理解
5,qq飞车？[脱单doge]
1,急了？
4,别骗我，这世界上哪有这么好的女人！呜呜呜。。。
0,TIM我觉得你已经很棒了，28岁就做出了这么多成就，你还有大把的日子和时间可以去努力，做人不需要把自己逼的太紧，适度的放松、机遇总会在最合适的时间找到你。
4,不知道为啥我吃着手中的饭，自然而然流下了眼泪
0,你这个比剪辑笑死我了
2,最恶心的我感觉是黄昏的时候，在你家附近和拿着火把和猪守卫干起来的蝙蝠[笑哭][笑哭]
4,缅怀袁隆平爷爷
4,本来看前面脸上一直带着笑，但是看到孩子回来老人哭了那里……我的笑容逐渐消失，眼中泪水抑制不住，奶奶去年十月过世，爷爷也在今年的春节默默的跟着奶奶走了！现在开始有些害怕回家过年了……
0,太精彩啦~
0,太精彩了
0,支持
0,投币支持
1,哪哪都一样，不想上班的骑个车能被人捧成圣人，然后屁大一点事又能被揪住放大一群人踩成狗屎，这捧和踩背后没有利益驱动我是不信的
0,特喵的笑死我了[笑哭]
2,呃呃，真的不会生病吗
1,出生之家
0,好消息是，终于来了，坏消息是，还要两年
0,笑喷了
5,我天 up的每一个视频都是一篇论文[大笑]
0,666
0,这把拉扯好精彩啊
1,跟史一样，也就刁民野人拿着当宝了，给√√都不吃给蛆蛆都嫌弃的东西
4,也是可怜人
4,可怜的女孩…
0,好好好，你就是做这个的料
3,SA市真是多灾多难的啊，每天都要提防着这群牛鬼蛇神，稍不注意人就没了[笑哭]
0,哈哈哈哈[脱单doge]
2,最烦这种，我爸妈都癌症，有病就去治，有事就去做，尽人事，听天命。
0,太棒了
5,哇，这不是多人联机类吸血鬼幸存者游戏？
4,怎能忘？
1,特粉别急，不是说你们呢[吃瓜]骂完就拉黑属实有点玻璃心了，只允许你们说别人是不是？
0,笑死了哈哈哈哈哈哈哈哈哈哈哈哈哈哈哈哈哈哈哈哈哈
4,我……我。呜乎呜
0,这也太好看了
4,2023.5.22  前来缅怀  您逝世时我还是名即将参加高考的高三学生，现在我是农业大学的农学生
4,[大哭]
5,惊了，怎么更这么晚，不是十五个小时前就该更吗[脱单doge]
0,极速影业加油
0,笑得相似
0,鱼白你来啦！！！[脱单doge][脱单doge][脱单doge]
5,怎么个事？
5,刚刚！！！[doge]
0,太适合道诡异仙了
2,这玩意奇苦无比，根本不是用来当做吃的东西。[辣眼睛]
4,缅怀[大哭][大哭][大哭]
1,你这个东西还需要别人抹黑？
3,是我的错觉吗感觉up主脸色好憔悴。。。嘴唇很苍白。。
0,好生草:herb:啊[笑哭][吃瓜]
0,森中人厉害的[脱单doge]
5,17岁这么大点？
0,好棒啊，很喜欢up主用自己先来做一遍动态演示再放上静态的画作，一下子就懂了[星星眼][星星眼][星星眼]（ps：很喜欢快结尾的那句“于是，艺术拥抱了时间”）
0,[给心心][给心心][给心心]很好的视频，爱来自江的西边
2,这东西肯定不好吃啊
0,哈哈哈哈哈哈哈，最冷静的人，哈哈哈哈哈哈哈哈哈哈哈哈[doge]
4,不知不觉已经一年了，哀悼:candle::candle::candle:
5,这个社会是怎么啦？[辣眼睛]
4,一群人把孩子当摇钱树，赚钱工具，掉钱眼里去了。这孩子真的惨，被资本玩弄于股掌之中。利用孩子赚钱，人性何在？法律何在？道德何在？
0,这么厉害，五次飞车
1,多给你家工人开点工资吧，服务态度堪比亲爹，销售和维修都一个叼样[笑]
4,看起来范小勤挺开朗的，但是年龄越大，越会陷入精神上的问题。如果是我，我估计天天都会恨自己为什么我的命运是这样，还是挺难受的。
2,这up是有多穷的愤世嫉俗啊[笑哭]
0,精彩！
0,封面配上标题太好笑了[大笑][大笑][大笑]
5,突然觉得地球转的还挺快的，24小时就转一圈
2,我怎么觉得600多元在这个档次的酒店吃一顿还凑合呢[笑哭]值肯定是不值。相当于自己买螃蟹才200一斤餐厅要350一只……
1,我的回合！通常召唤三星怪兽火枪！天文钟楼同调召唤蜂巢炮！然后用帝王时代进行调:star:！降临吧！喃无大慈大悲加特林菩萨！
1,为啥判处死刑了还要等那么长时间才能执行，这期间在等什么
4,[大哭][大哭][大哭][大哭]现在看到还是泪目
0,精彩精彩
0,乐:grinning_face_with_sweat:
0,6
1,说没有受击反馈的是没玩过这类游戏吧，这又不是act能让你像鬼泣那样一套给别人连死，更像魂的节奏，需要找准时机。
2,做贼心虚
0,角色建模简直飞一般提升啊
4,也是可怜也可恨的人，唉~~~
4,像天天被围观的观赏动物一样，这种成长环境没救了
2,陋习
5,云上京？？！上面有迷惘司命吗[doge][doge][doge]
2,搞笑
0,我的天啊这也太肝了吧[惊讶]而且UP好用心！有很多小细节 比如在酒馆温迪的动作是和音乐卡点的 弹完琴0元购苹果酿
1,还挺会公关，去外国真唱和你五在大陆假唱有什么关系？
4,害，好失望啊
4,致敬
0,精彩 两个乌龟的互怼
4,前来缅怀
0,什么时候整三国历史篇？（期待）
4,人民的好总理，一路走好
2,谁爱吃谁吃，这就不能叫做食物
0,笑死我了，封面这哥们
0,萝卜这个视频把这个游戏的策略玩法基本都用了一遍，精彩[tv_doge]
2,额，发臭了的干尸，[思考]
5,美食？
0,袁爷爷，生日快乐
0,封面最可爱的一集
4,没想到现在已经两年了[大哭]
0,哈哈哈哈哈哈哈哈哈哈或或或或或或或或或或或或或或或或或或或或或或或或或或或或或或或或或或或或或或或或或或或或或或我真是笑死了
0,好可爱啊
4,对不起，这集不看，看了伤心
0,袁老生日快乐
1,现在看到五月天这三个字就恶心[抠鼻]
0,引擎大佬tql[打call]
2,我舍友天天拉屎，到处喷！天天打呼噜，天天点外卖！[辣眼睛][辣眼睛][辣眼睛]
2,我们宿舍还有两个跟楼上女生每天打电话，还有两个抽烟不收拾烟灰，从来不搞卫生，还巨爱叫，每天还睡的巨晚，从来不戴耳机[无语][无语]
0,这么热呼？
0,终于有个正常的媒体了
3,可怕的是ai会让这个世界真假难辨，人的感觉越来越虚幻。
2,吐了
2,曲面屏差评
0,这种打的有来有回的视频非常精彩。
1,不到晚上刷不出来是吧[生气]
2,我还很懊悔没抢到深圳站的票，现在既感到幸运又心酸，你们为什么要这样啊啊啊啊，烦死了
4,买完为爱而生那张专辑之后就差不多失去钟爱的感觉了。创作里那种少年感的才气不会骗人，失去了就是失去了，中年人再写不了也唱不出雌雄同体，人生海海，借问众神明，一颗苹果当初的心境了
5,这价格为啥不上IP68啊
5,4oo万就这？还不如200万的loog[吃瓜][吃瓜][吃瓜]
1,剪的啥啊这是，一拖四，up纯纯废物我只能说，必剪是真的难用，太菜b了，关键帧都扣不了灵感来源：BV1ub411a7hG————————————————————————————————————————1.本家sans战，制作者：toby fox2.Altertale 羊姐战 制作者：？？？3.GH!Underswap sans战制作者：Demo-Cezar4.【非AU】The Trio&#39;s Squabble 制作者：Tiến5.The New Chance sans战 制作者：渣渣6.Space Drift 旧设sans战 制作者：walar7.Swapfell papyrus战究极困难模式 制作者：渣渣8.Help_tale sans战 制作者：渣渣9.Chaos&#39; End Asriel战 制作者：硫酸10.【非AU】Chaotic Time Trio 制作者：洛白11.【非AU】Murder Time Trio 制作者：ccjyui12.Rhythm Recall-Goodrage div.1 曲师：EBIMAYO 谱师：T大-Tmas13.Ink sans phase3 SHANGHAIVANIA 制作者：庄严 【视频内为tas无伤】14.Oversave-tale Asriel战 制作者：QK 【视频内为tas无伤】15.Undertale Hard Mode sans fight 制作者：复读鸭【视频内为tas无伤】16.Oversave-tale MTT NEO战 制作者：复读鸭【视频内为tas无伤】17.Oversave-tale Muffet战 制作者：复读鸭、sugar【视频内为tas无伤】
4,好可怜，小勤腿上布满了针孔，是被注射了抑制成长的激素。虽然小勤说是他受伤了，保姆把他带到医院打针，但小孩子哪里会懂当时真正到底发生了什么！
2,感觉走路不太流畅
0,这可太牛逼了，up准备讲到哪，所有类吗，相关的librw会讲吗[doge]
2,直接扔了
2,顾左右而言他
2,假的假的假的假的假的假的，我不听我不听我不听我不听我不听我不听我不听我不听我不听我不听我不听我不听我不听我不听我不听我不听我不听我不听我不听我不听我不听我不听我不听我不听我不听我不听，就这点程度？就这点程度？就这点程度？就这点程度？就这点程度？就这点程度？就这点程度？就这点程度？就这点程度？就这点程度？就这点程度？就这点程度？就这点程度？就这点程度？就这点程度？就这点程度？就这点程度？就这点程度？就这点程度？就这点程度？就这点程度？就这点程度？就这点程度？就这点程度？就这点程度？就这点程度？就这点程度？就这点程度？就这点程度？就这点程度？就这点程度？就这点程度？:smiling_face_with_sunglasses:
0,哈哈哈哈直接笑出答辩[doge]
4,永垂不朽
4,在流量裹挟下，一个最底层家庭的无奈、心酸。面对生活，他们没有选择。好几个问题，父亲只是说我不知道，是真的不知道嘛？是不敢知道，不想知道。此时，“小马云”的娱乐性更显荒诞和残忍。人们去找他只是因为从他身上能获取流量，甚至根本没注意到他一家的残疾。范小勤喜欢“小马云”更甚他自己的名字，因为“小马云”给他带来了所想要的物质生活。父亲心里清清楚楚这样的视频对孩子的伤害，可是却也无可奈何。一幕幕尽显现代生活的扭曲。
4,能有饭吃不错了，至少没开始文明崩溃
2,处理方式有点欠妥吧。。。玩梗也不是有心的，这样的回应有点凶凶[脱单doge]
0,见证历史！
2,交互性不强，老问题了
2,我特么要吐了
4,哭了，我23年本科毕业还没人家07年一个蹲过号子出来的临时工挣得多
0,圣经合影
0,真牛逼，你是秀儿吗
0,好好看
2,这东西和虫子一样，给我我肯定不吃，但别人吃我不会干涉。
4,缅怀袁老[水稻][水稻]
4,[大哭]
2,恕我直言，看完有种故作玄虚的感觉，大家都看过逆水寒手游的宣传视频吧，也号称是实机画面，结果玩过的都知道，目前实机里展示的几乎和现在的逆水寒手游不沾边，所以，各位还是别抱太大期望
4,两年了[大哭]
0,哈哈哈哈哈哈[喜极而泣]
0,哈哈哈哈哈，没看到最后的话，是真的不知道有这么好笑[大笑][大笑][大笑]
4,看不得这些，走了[墨镜]
1,也就是只能说好话，不能说不好？？
0,通过游戏去解读编程语言真是太棒啦[打call]
0,支持正版兄弟们！[哈娜hanna_冲][哈娜hanna_冲][哈娜hanna_冲]想进祈愿服但是不会买正版的小伙伴们来看看～
0,袁老生日快乐，还有，我们想您了
2,先把自家的ev受限和品控解决了吧
4,[大哭][大哭][大哭][大哭]
3,太可怕了，以后生存对一部分人来说更不容易了。
3,太可怕了，以后生存对一部分人来说更不容易了。
0,好解压啊，希望继续更新！！！！
4,袁爷爷[大哭]
0,精彩绝伦
0,好好好
4,原来已经两年了，每每想起袁爷爷是真的会眼眶发酸呀[水稻]
0,袁老生日快乐
0,这个很好看，我看过有人玩过这个。
5,qq飞车吗？
5,见证历史
0,乐
4,惨
0,点赞了，赶紧更新
0,最后那几个笑声素材是什么笑死我了
2,太抽象了
5,怎么跟小米一个样，遇到黑的就是别人故意的
1,可怜女生，幸亏仨垃圾都落网了！
0,摘星换斗配的太绝了
0,我一个不会玩的人都看的好爽[妙啊]
2,要买这手机的去线下体验体验，特别是游戏党，发布会吹的多牛，实际就有多菜。
2,封建迷信害人啊
4,村里也有一个停留在十岁的小孩，小时候因为意外脑子出问题，一辈子停留在长不大的身体里，灵魂也被囚禁了…
2,居然和友商14pro比价格，真的没点数，咋不和友商搭载骁龙8gen3的红米k70pro比，这比起来简直弱爆了，而且发布会硬是介绍ip65防水防尘，这ip68还有的一说ip65也能强行扯[吃瓜][吃瓜][吃瓜]
4,回家之前一定要告诉妈妈，我妈知道我姐姐中秋要回家过之后那几个星期一直很开心，可惜就差了三天她突然走了，没见到我姐姐最后一面
0,精彩精彩
5,卧槽！怎么回事！我的账号怎么自动把你取关了，我说怎么抖音都刷到你了B站还没刷到[藏狐]有鬼啊，还得手动搜了看
2,熟练度咋这么低
5,怎么是若子的声音，是我溜大了吗？
1,阿拉伯兄弟不出人帮忙就算了，钱也不出？
1,(&#34;▔□▔)有病不是变坏的借口吧…多少长期病患努力坚强正直善良地活着啊…这些罪犯就是又蠢又坏…
4,缅怀袁隆平爷爷逝世两周年[水稻][水稻][大哭][大哭]
4,大哥还是留在美国开发游戏吧，国内游戏市场一片黑暗，黑神话出来并爆:fire:之前只会一直如此。国产游戏不值得，国内游戏厂商都是圈钱为主
5,怎么做到不腐烂的？
0,太厉害了，看得泪流满面
2,无感
5,？？？尼玛我凌晨三点多点开三千多人在看？
0,你的激情配音笑死我了
0,阳光大男孩般的笑容
4,最沉痛的一天，总理一路走好[大哭]
0,你做的好啊！！！！！！！！！:folded_hands_medium-light_skin_tone::folded_hands_medium-light_skin_tone::folded_hands_medium-light_skin_tone:
1,搁着糊弄鬼呢？  傻子都知道下次不能再假唱了
0,太好看了这期，拍得好剪得好，出镜的几位也好好啊！
0,道人的配音真的好舒服
5,我操！冰！
0,太精彩了 这个长度看得很爽
0,今天的饭我也好好吃干净啦
0,那么厉害
0,18:42燃起来啦[打call][打call][打call]
4,时代的乐子，长久的悲哀
1,谁教你这么说话的
3,求求你了，谁都好，告诉我这是假的对吧
0,好喜欢这种------vlog
2,史
0,热乎的！
0,历史篇！强烈催更历史篇！！！[大哭]
0,李思维太有意思了[笑哭]，和这样的人交朋友肯定很开心！
0,好燃啊
2,让他们排队这样太乱了
2,谢谢我不吃[doge]
0,帅炸啦！！！！！！！！[大哭][大哭][大哭][大哭]
1,这算是默认了？不然理直气壮回一句没有假唱，多简单的事[思考]
0,最后这个长城，真绝杀，7.5射程的中国火枪，还打不着你，太帅了
4,底层悲剧，我看一乐，他可以因此养活自己，各有所取，也不用什么负罪感。
2,我会扔掉
5,讲道理，小雨赶十天五走不是怕他师傅被打了生气干死十天五，让十天五跑路？
2,比印度都恶心
0,你这实机比gta都牛逼:rolling_on_the_floor_laughing:
1,王巨龙别人发真实的截图你怎么就给别人评论删了？那么急吗
0,捏马，把我早饭都笑吐了
0,这男配音好牛啊
1,说实话也是抹黑？
0,焯，又燃起来了
4,想爷爷了[大哭][大哭][大哭]
0,投两个币[脸红]
4,2周年，前来悼念。
1,拿钱给员工提升一下不好么
2,它与糟粕的区别在哪[思考]
2,粗俗
0,雨琪生日快乐啊，我在成都等你的明信片！
0,看完啦，小狗狗好可爱，耳朵一动一动的，猫猫也好可爱呀，伙食很好的猫猫，看nya的视频真的好治愈呀
5,吓我一跳，以为24分钟把活动打完了
3,那女的看起来好诡异
4,坏消息，现在还是2023年
1,他们歌是真的好听！想不懂！诚恳道个歉以后不要这样不就好了！非常整成这样子！我是小学开始喜欢五月天的歌的！好多首我都能直接唱出来的！除了Beyond以外我心目中最喜欢的第二个乐队了！这操作真把我这真爱粉看麻！好好道个歉！大家也不会不接受的！为什么要搞这个操作！离谱啊！[大哭]
5,还不更新！？
0,woc，终于刷到黑萝卜了，攒了一波大的
0,大佬好牛，视频好可爱？
0,鱼制品爱好者狂喜。。。啊啊等我放假回家了就框框买回家煮火锅吃[大哭]
2,不吹不黑，这个水准在我们这里，最多给128，不能再多了。
5,这能有五十万播放量？。。看一半我就关了。。连评论打字这段时间都暂停了视频不希望贡献一丁点完播率。。你们是不是没事干。。去背俩单词。。给爸妈打个电话。。别浪费时间
0,最强画质
0,笑到肚子停不下
2,我说怎么感觉看着有点卡顿
4,放过三国吧   唉
0,哇！我喜欢大辟谷！
0,真好！我可以快乐的驼背了
0,鱼白！！
0,厉害
0,多更新帝国时代呀，喜欢看
0,好好好[打call]
0,三连了，期待后续更新[热词系列_三连]
0,呜呜呜你，啊哈哈哈我要笑岔气了，就像有人挠我痒痒一样[喜极而泣]
0,这个装扮好好看啊，爱了爱了[脱单doge]
3,好了今晚又是不眠之夜
0,万里长城，小子！
0,好活
0,[呲牙]好家伙居然看完了，这可太神奇了
0,这不就翻译后介绍伪人的视频吗！[笑哭]
4,泪目
0,萝卜赶在饭点发，太懂我了[脱单doge]
1,真的是垃圾人啊 不是人哦 2个孕妇还想这一出
0,来了！我最喜欢的一期！
0,Up真可以的，笑死了
0,点进来前不知道那么搞笑
0,好活，md笑死我了:rolling_on_the_floor_laughing::rolling_on_the_floor_laughing::rolling_on_the_floor_laughing:
5,不怕拉肚子？
0,接受不完美，平常心就好。
3,吓人的啊[辣眼睛]
1,你直播牛魔
0,终于更新咯[怪盗基德_献花]
2,你们三个在搅什么狗屎 好一出六国大封相辛好我是局外人 不然就样衰了
5,怎么跟小米一个样，遇到黑的就是别人故意的
2,回合制战斗感觉有点傻
2,这不是食物，这是干尸
5,还有吗。怎么没有清朝。
1,吃了这么多补助，打了这么久的民族情怀，出问题了还要堵爱国消费者的嘴？[大笑][大笑]
0,精彩精彩！这期尤为精彩！[热词系列_三连]
2,哥，我舍友臭袜子攒一周不洗，不买洗衣液，不买卫生纸，天天嫖别人的，拿别人东西不打招呼，还不知道放回去。
4,李克强同志永垂不朽！
5,我天 up的每一个视频都是一篇论文[大笑]
0,糜道人的配音真舒服，上一个这么喜欢的还是希尔科的配音，真的绝
0,快要笑死了
0,哈哈哈哈
4,只有4分钟了悲
0,来力[星星眼][星星眼]
0,阳了的这几天从来没有这么开心过哈哈哈哈哈哈哈哈
5,他真的是00后？
0,好期待你们一大家回国的视频，坐等啦～[给心心]
0,这个声线太帅了
4,国之栋梁，永垂不朽
0,最早的一集[星星眼]
5,我天，直接见证历史了[星星眼]
0,精彩！
4,我看过关于这个受害者的纪录片，这位受害者的母亲非常不容易，她丈夫死了之后，她就一心把女儿拉扯大，我记得这个受害者曾经在她的书上还是本子上写过，若有来世，愿化为彩虹，然后她妈妈就真的在天上看到了彩虹，然后她妈妈很高兴，认为是自己女儿回来看自己了，[大哭]，而且那个受害者的男朋友也是一个非常非常好的人，如果受害者没有死的话，她可能早就跟她的男朋友结婚了吧？有了属于自己幸福的家庭，而且我记得这几个犯罪嫌疑人好像从一开始就没打算放过这个女生，我其实不明白，如果是我，我要杀人的话，我会直接给人一个痛快，我不会去折磨人家，我不明白为什么有些人他既然已经打算让这个女孩死了，那为什么在死前还要折磨人家呢？[疑惑]。有的时候觉得日本的法律真是搞笑，这案件性质这么恶劣，居然不是判死刑啊！我记得一开始，[捂脸]。
5,该不会真的有人觉得难度低吧？？[疑惑]
0,一直想尝尝[大哭][大哭][大哭]
0,最喜欢的一集
5,就这？疯了？国内任何一家五星酒店自助餐都秒杀这家8星
0,牛逼
2,棍子连续多段打击的时候，怪没有任何的僵直和击退，感觉挺奇怪的
1,就算巴黎真唱，要是真唱得很好，那些参与以前演唱会的粉丝不会觉得生气嘛？明明可以唱得很好，还假唱，更该骂；如果仅是骂太善良了，应该举报要求赔偿。要是唱得不好，那不就说明是之前是假唱了嘛？五月天不会打算装装样子，然后跑路吧？就看最后官方的结果了。不管承不承认，做过的事总会留下痕迹的。不是说不承认这事就过去了呦！虽然有时候做坏事确实可以逃过一劫，但是人会抱有侥幸心理，所以通常控制不住自己，想着既然这次无人发现，下次估计也不会有人发现的。但是次数多了，就是会露出马脚的。道不道歉就看五月天有没有良心了。这可比诈骗更可恶。
2,我不理解为啥这些有车的都这么那啥，你开车用的是引擎，又不是车皮上的漆。
0,就是这种糜烂的感觉，太对味了
0,玩的真好。
0,作者可以转发吗
4,可是，如果是癌症的话，真的还要治疗吗，明明是治不好的病，欠下一堆债，人也走了，这样本来会死的人没有救活，活着的人也没法好好生活了。。。。。我知道爱是很深沉的，可是我还是无法理解飞蛾扑火的行为。。如果这个女孩真的爱他，知道自己治不好了，难道不是应该不告诉他吗，这样会搞得所有人都被拖垮，如果我得了癌症我是会主动放弃治疗的，反正治不好又何必连累家人呢，可能有的人觉得我是事情没到自己身上，但是我是真的是这样想的，家里的人也是这样想法，不要连累家人，没有希望的事情不会去强求，其实坚决治疗的亲人还是图一个自己心安和别人对自己的好评价，但结果就是对一个家庭的沉重打击
2,作为四川人，我觉得这玩意儿好恶心[辣眼睛]
0,你是我在B站8年，唯一一个连续投两次二硬币:coin:的up，不为别的，就为你们的大成本制作[doge]
0,我真的很需要这个游戏！！
2,个人感觉:拉了
0,666666666
0,加油华为，加油采纳
0,太阳光了
3,又有一群人要失业了[脱单doge]
5,为啥我上大学的时候你们没出来？
2,走起来有点飘，不着地的感觉
5,明朝的科技，宋朝的经济，元朝的军事，这是什么三合一文明啊？
0,是森导耶！女玩家狂喜（
4,袁老，一路走好
0,棋逢对手，将遇良才
5,逆天
0,必须投币
0,姐姐是真的00后嘛[脸红]
5,简介中的播放量不超过2万，还是太离谱了。因为我刚才看到的同时播放人数是1.8万（？？？）这么离谱吗？我还以为我看错了
4,抽象人生，抽象笑话，被当代年轻人当作乐子看的一家子可怜人（除了家发
2,名声已经臭了，是否被鉴定假唱根本不重要
4,2年了[大哭]
4,2周年，前来悼念
0,要命了，差点笑晕过去[保卫萝卜_白眼]
1,看了，血压上来了
0,好活中的好活[惊喜]
0,以前有些游戏的中文配音一听就会犯母语尴尬症只是因为配的还不够贴切，这个配音听的我直接立了，太有味道了
0,明人不说暗话，我对阿真有点儿意思
0,好耶
2,粉丝真贱呀，歌迷除外[疑惑]
5,woc你也玩飞车[妙啊][妙啊][妙啊]
0,真棒！
0,根本难不倒他
0,结尾看了好几遍根本，我要笑死了[大笑]以后的速食版就靠你了up[doge]
2,这孩子品质都差到这种地步了，母亲还想办法维护他，怕他受委屈，等老了管不了帮不了的时候，就等着看吧，坑蒙拐骗偷！那时候恐怕真实欲哭无泪了！
4,[水稻]袁爷爷 怀念您今天我也好好吃饭了有种站在时代洪流中，看着新老时代交替的感觉这段时间有点迷茫好好吃饭，认真生活，您应该更愿意看到
1,这回应，逗傻子呢
0,吃泡面下几片，太爽了
0,这段配音好舒服啊
1,你搁这说鸡毛呢？“法无禁止即可为”是这么用的？贻笑大方，不懂法学可以不用，法律只是最底线，之上还有道德公序良俗，行为有法律风险就不该做？那你也认为所有见义勇为也不该做呗，大部分法律法规都是不完善不断发展的，不然还要法学专业干什么，以你的智力一定以为法规没详细标准就无法判断是吧[疑惑][疑惑]，方式多了，从立法基础，目的，价值引导，公民普遍共识等等，全篇滑坡论证:plus:毫无法学概念扣字眼，在自己的圈子里骗骗傻子得了
5,春季的boss不是小鸭子吗？
1,以前假的唱一笔勾销？
0,哇哦，up主还是爱我的[tv_doge][tv_doge][tv_doge][tv_doge]
4,好难过
5,这是公关总经理说出的话？？哥们不会是个友商细作吧[笑哭]连最基本的舆论导向都不懂？？？
0,英雄，祝您在天堂生活得快乐！我们永远都不会忘记您！
0,太精彩了，看完浑身冒汗
4,两年了 却总感觉您好像还没走[委屈]
4,感觉外国人吃的好惨，文化差异吧，看着他们吃东西有点同情呢[大笑]
4,真不知道该说他们这一家子是幸运还是不幸。。。
2,这定价他怎么敢的，够买两台华为了
0,好活，关注了，要继续更下去啊[doge]
4,曾经的感觉再也没有了，23年真的槽糕……
1,搞什么了...是你蓝梦想扶我做妹夫才搞这些东西啊...那为何现在我和小瞳的关系就比之前更糟？？蓝梦你搞什么狗驴了……
4,我想您了。
4,[大哭][大哭][大哭][大哭][大哭][大哭]
0,看不明白，但是解说有点意思。三连支持一下[害羞]
0,6
0,这个配音我真的好喜欢，上一次听到这种类似的还是围棋少年里面那个白眉毛坏蛋
4,b站有专门蹭的up，其实就是消遣人家，看客也是起哄架秧子，美其名曰，整活正常来说，观众看一次两次图个乐完事，而那种天天追更的，以取笑他人困窘为乐的，所谓泛抽象文化的，我觉得多少有点病态
0,好喜欢看up的视频！我一个看不懂艺术的人通过up的讲述也能感受到艺术带给我的震撼了[打call]
0,up好厉害，辛苦了[原神_欸嘿][热词系列_三连]
0,在我死之前终于等到这一天了，值了！
0,还挺可爱[花丸晴琉_喜欢]
0,好厉害
0,如果能卖很多钱，哈哈哈
0,[妙啊]
5,就是为了体态好看 怎么了 很丢人吗？
0,绷不住了哈哈哈哈哈哈
0,最真实的一集
0,笑死我了
0,虽然我看不懂，但是喜欢看[脱单doge]
0,看的太爽了这把
0,1:05笑死我了
2,这个东西吃了会得癌症吧。。。。亚硝酸盐严重超标
0,受不了了，笑死了[笑哭]
1,这玩意需要恶意抹黑？自己看车质网投诉呗，都哪有问题一看就知道。
0,我搞到了跟up一样的项目[妙啊]，但是我用vs2022编译不过，我看了一下，主要是由于rwcore.h文件包含了rw.h造成的，vs找不到这个rw.h，up是怎么编译过的？[捂脸]@JC蒙大鱼
0,哈哈哈哈哈哈哈哈哈哈
1,这踏马反封建迷信反了个得儿
0,这配音太叼了
5,什么视频？看不懂思密达[墨镜]
0,笑死我了
0,看的太爽了这把
0,做得好，我们开始着手准备gta7吧[藏狐]
0,还行
4,一路走好[大哭][大哭]
1,一坨屎这个刹暗天
0,加油！！等你百大的一天
0,有意思
1,同门（国内某些游戏厂商）为了功力大增（追求一时利益）生食琴螂虫卵（懂得都懂），现在多半已经药石无医了。[藏狐]
0,笑死了
0,突然高产[脱单doge]
0,好精彩的对局，战术的博弈太好看了
3,自杀视频快跑啊
0,袁老生日快乐
0,乐
0,有点意思，来多点
0,你知道我大晚上的憋笑有多难受吗[脱单doge][笑哭]
